Date,Timestamp,currentCondition,Event,WorldID,FishID,TotalFishCaught,BubbleNumber,KeyCode,CorrectKey,KeyExpected,TimeSinceLastKey,SequenceCompleteTime,CorrectSequencesEntered,SequencesFailed,CorrectSequencesDiscarded,TotalAttemptsInBubble,GotFish,InstantFrustration,GlobalFrustration
2020-05-19,13:14:30.8538,,Game Started!,NA,NA,NA,NA,NA,NA,NA,NA,NA,NA,NA,NA,NA,NA,NA,NA,
2020-05-19,13:17:17.5595,Continuous,KeyDown,1,0,0,1,e,Failed,T,0,NA,NA,NA,NA,NA,NA,NA,NA,
2020-05-19,13:17:17.8023,Continuous,KeyDown,1,0,0,1,t,Correct,T,0,NA,NA,NA,NA,NA,NA,NA,NA,
2020-05-19,13:17:18.0358,Continuous,KeyDown,1,0,0,1,r,Correct,R,0,2337043,NA,NA,NA,NA,NA,NA,NA,NA,
2020-05-19,13:17:18.2848,Continuous,KeyDown,1,0,0,1,w,Correct,W,0,2502506,NA,NA,NA,NA,NA,NA,NA,NA,
2020-05-19,13:17:18.5194,Continuous,KeyDown,1,0,0,1,e,Correct,E,0,233375,NA,NA,NA,NA,NA,NA,NA,NA,
2020-05-19,13:17:18.5204,Continuous,Sequence Success,1,0,0,1,NA,NA,NA,NA,0,7173299,NA,NA,NA,NA,NA,NA,NA,
2020-05-19,13:17:18.8358,Continuous,KeyDown,1,0,0,1,t,Correct,T,0,NA,NA,NA,NA,NA,NA,NA,NA,
2020-05-19,13:17:19.0355,Continuous,KeyDown,1,0,0,1,r,Correct,R,0,2001908,NA,NA,NA,NA,NA,NA,NA,NA,
2020-05-19,13:17:19.2199,Continuous,KeyDown,1,0,0,1,w,Correct,W,0,183958,NA,NA,NA,NA,NA,NA,NA,NA,
2020-05-19,13:17:19.4867,Continuous,KeyDown,1,0,0,1,e,Correct,E,0,2665996,NA,NA,NA,NA,NA,NA,NA,NA,
2020-05-19,13:17:19.4867,Continuous,Sequence Success,1,0,0,1,NA,NA,NA,NA,0,6507484,NA,NA,NA,NA,NA,NA,NA,
2020-05-19,13:17:19.7534,Continuous,KeyDown,1,0,0,1,t,Correct,T,0,NA,NA,NA,NA,NA,NA,NA,NA,
2020-05-19,13:17:20.0033,Continuous,KeyDown,1,0,0,1,r,Correct,R,0,2501144,NA,NA,NA,NA,NA,NA,NA,NA,
2020-05-19,13:17:20.1878,Continuous,KeyDown,1,0,0,1,w,Correct,W,0,1834665,NA,NA,NA,NA,NA,NA,NA,NA,
2020-05-19,13:17:20.3878,Continuous,KeyDown,1,0,0,1,e,Correct,E,0,2002068,NA,NA,NA,NA,NA,NA,NA,NA,
2020-05-19,13:17:20.3878,Continuous,Sequence Success,1,0,0,1,NA,NA,NA,NA,0,6337877,NA,NA,NA,NA,NA,NA,NA,
2020-05-19,13:17:20.6045,Continuous,KeyDown,1,0,0,1,t,Correct,T,0,NA,NA,NA,NA,NA,NA,NA,NA,
2020-05-19,13:17:20.8384,Continuous,KeyDown,1,0,0,1,r,Correct,R,0,2337316,NA,NA,NA,NA,NA,NA,NA,NA,
2020-05-19,13:17:21.0213,Continuous,KeyDown,1,0,0,1,w,Correct,W,0,1836294,NA,NA,NA,NA,NA,NA,NA,NA,
2020-05-19,13:17:21.2557,Continuous,KeyDown,1,0,0,1,e,Correct,E,0,2336291,NA,NA,NA,NA,NA,NA,NA,NA,
2020-05-19,13:17:21.2557,Continuous,Sequence Success,1,0,0,1,NA,NA,NA,NA,0,6509901,NA,NA,NA,NA,NA,NA,NA,
2020-05-19,13:17:21.4886,Continuous,KeyDown,1,0,0,1,r,Failed,T,0,NA,NA,NA,NA,NA,NA,NA,NA,
2020-05-19,13:17:21.7554,Continuous,KeyDown,1,0,0,1,t,Correct,T,0,NA,NA,NA,NA,NA,NA,NA,NA,
2020-05-19,13:17:22.1728,Continuous,KeyDown,1,0,0,1,r,Correct,R,0,416865,NA,NA,NA,NA,NA,NA,NA,NA,
2020-05-19,13:17:22.3229,Continuous,KeyDown,1,0,0,1,w,Correct,W,0,1504188,NA,NA,NA,NA,NA,NA,NA,NA,
2020-05-19,13:17:22.5563,Continuous,KeyDown,1,0,0,1,e,Correct,E,0,2332975,NA,NA,NA,NA,NA,NA,NA,NA,
2020-05-19,13:17:22.5563,Continuous,Sequence Success,1,0,0,1,NA,NA,NA,NA,0,8005813,NA,NA,NA,NA,NA,NA,NA,
2020-05-19,13:17:22.8234,Continuous,KeyDown,1,0,0,1,t,Correct,T,0,NA,NA,NA,NA,NA,NA,NA,NA,
2020-05-19,13:17:23.0575,Continuous,KeyDown,1,0,0,1,r,Correct,R,0,2338002,NA,NA,NA,NA,NA,NA,NA,NA,
2020-05-19,13:17:23.2571,Continuous,KeyDown,1,0,0,1,w,Correct,W,0,2002653,NA,NA,NA,NA,NA,NA,NA,NA,
2020-05-19,13:17:23.5086,Continuous,KeyDown,1,0,0,1,e,Correct,E,0,2502392,NA,NA,NA,NA,NA,NA,NA,NA,
2020-05-19,13:17:23.5086,Continuous,Sequence Success,1,0,0,1,NA,NA,NA,NA,0,6843047,NA,NA,NA,NA,NA,NA,NA,
2020-05-19,13:17:23.7919,Continuous,KeyDown,1,0,0,1,t,Correct,T,0,NA,NA,NA,NA,NA,NA,NA,NA,
2020-05-19,13:17:23.8408,Continuous,Sequence Failed,1,0,0,1,NA,NA,NA,NA,0,0497595,NA,NA,NA,NA,NA,NA,NA,
2020-05-19,13:17:23.8428,Continuous,InputWindowOver,1,0,1,1,NA,NA,NA,NA,NA,6,1,2,7,Got Fish,NA,NA,
2020-05-19,13:17:43.4960,Continuous,KeyDown,1,0,1,2,w,Failed,T,0,NA,NA,NA,NA,NA,NA,NA,NA,
2020-05-19,13:17:43.7297,Continuous,KeyDown,1,0,1,2,e,Failed,T,0,2332879,NA,NA,NA,NA,NA,NA,NA,NA,
2020-05-19,13:17:43.9633,Continuous,KeyDown,1,0,1,2,t,Correct,T,0,2335988,NA,NA,NA,NA,NA,NA,NA,NA,
2020-05-19,13:17:44.1469,Continuous,KeyDown,1,0,1,2,r,Correct,R,0,1837375,NA,NA,NA,NA,NA,NA,NA,NA,
2020-05-19,13:17:44.3473,Continuous,KeyDown,1,0,1,2,w,Correct,W,0,1999751,NA,NA,NA,NA,NA,NA,NA,NA,
2020-05-19,13:17:44.5641,Continuous,KeyDown,1,0,1,2,e,Correct,E,0,216917,NA,NA,NA,NA,NA,NA,NA,NA,
2020-05-19,13:17:44.5641,Continuous,Sequence Success,1,0,1,2,NA,NA,NA,NA,1,067516,NA,NA,NA,NA,NA,NA,NA,
2020-05-19,13:17:44.7986,Continuous,KeyDown,1,0,1,2,t,Correct,T,0,NA,NA,NA,NA,NA,NA,NA,NA,
2020-05-19,13:17:44.9979,Continuous,KeyDown,1,0,1,2,r,Correct,R,0,1998085,NA,NA,NA,NA,NA,NA,NA,NA,
2020-05-19,13:17:45.1644,Continuous,KeyDown,1,0,1,2,w,Correct,W,0,1671873,NA,NA,NA,NA,NA,NA,NA,NA,
2020-05-19,13:17:45.3824,Continuous,KeyDown,1,0,1,2,e,Correct,E,0,2167099,NA,NA,NA,NA,NA,NA,NA,NA,
2020-05-19,13:17:45.3824,Continuous,Sequence Success,1,0,1,2,NA,NA,NA,NA,0,5837057,NA,NA,NA,NA,NA,NA,NA,
2020-05-19,13:17:45.5821,Continuous,KeyDown,1,0,1,2,t,Correct,T,0,NA,NA,NA,NA,NA,NA,NA,NA,
2020-05-19,13:17:45.7653,Continuous,KeyDown,1,0,1,2,r,Correct,R,0,1833827,NA,NA,NA,NA,NA,NA,NA,NA,
2020-05-19,13:17:45.9321,Continuous,KeyDown,1,0,1,2,w,Correct,W,0,1667452,NA,NA,NA,NA,NA,NA,NA,NA,
2020-05-19,13:17:46.1496,Continuous,KeyDown,1,0,1,2,e,Correct,E,0,2172987,NA,NA,NA,NA,NA,NA,NA,NA,
2020-05-19,13:17:46.1496,Continuous,Sequence Success,1,0,1,2,NA,NA,NA,NA,0,5674266,NA,NA,NA,NA,NA,NA,NA,
2020-05-19,13:17:46.3665,Continuous,KeyDown,1,0,1,2,t,Correct,T,0,NA,NA,NA,NA,NA,NA,NA,NA,
2020-05-19,13:17:46.5663,Continuous,KeyDown,1,0,1,2,r,Correct,R,0,1998966,NA,NA,NA,NA,NA,NA,NA,NA,
2020-05-19,13:17:46.7159,Continuous,KeyDown,1,0,1,2,w,Correct,W,0,1504021,NA,NA,NA,NA,NA,NA,NA,NA,
2020-05-19,13:17:46.9671,Continuous,KeyDown,1,0,1,2,e,Correct,E,0,2504924,NA,NA,NA,NA,NA,NA,NA,NA,
2020-05-19,13:17:46.9671,Continuous,Sequence Success,1,0,1,2,NA,NA,NA,NA,0,6007911,NA,NA,NA,NA,NA,NA,NA,
2020-05-19,13:17:47.1835,Continuous,KeyDown,1,0,1,2,t,Correct,T,0,NA,NA,NA,NA,NA,NA,NA,NA,
2020-05-19,13:17:47.4015,Continuous,KeyDown,1,0,1,2,r,Correct,R,0,2170366,NA,NA,NA,NA,NA,NA,NA,NA,
2020-05-19,13:17:47.5674,Continuous,KeyDown,1,0,1,2,w,Correct,W,0,1668188,NA,NA,NA,NA,NA,NA,NA,NA,
2020-05-19,13:17:47.7840,Continuous,KeyDown,1,0,1,2,e,Correct,E,0,2173427,NA,NA,NA,NA,NA,NA,NA,NA,
2020-05-19,13:17:47.7840,Continuous,Sequence Success,1,0,1,2,NA,NA,NA,NA,0,6011981,NA,NA,NA,NA,NA,NA,NA,
2020-05-19,13:17:47.9843,Continuous,KeyDown,1,0,1,2,t,Correct,T,0,NA,NA,NA,NA,NA,NA,NA,NA,
2020-05-19,13:17:48.1848,Continuous,KeyDown,1,0,1,2,r,Correct,R,0,2000276,NA,NA,NA,NA,NA,NA,NA,NA,
2020-05-19,13:17:48.3360,Continuous,KeyDown,1,0,1,2,w,Correct,W,0,1504936,NA,NA,NA,NA,NA,NA,NA,NA,
2020-05-19,13:17:48.5515,Continuous,KeyDown,1,0,1,2,e,Correct,E,0,216691,NA,NA,NA,NA,NA,NA,NA,NA,
2020-05-19,13:17:48.5515,Continuous,Sequence Success,1,0,1,2,NA,NA,NA,NA,0,5672122,NA,NA,NA,NA,NA,NA,NA,
2020-05-19,13:17:48.7516,Continuous,KeyDown,1,0,1,2,t,Correct,T,0,NA,NA,NA,NA,NA,NA,NA,NA,
2020-05-19,13:17:48.9850,Continuous,KeyDown,1,0,1,2,r,Correct,R,0,2335717,NA,NA,NA,NA,NA,NA,NA,NA,
2020-05-19,13:17:49.1516,Continuous,KeyDown,1,0,1,2,w,Correct,W,0,1665951,NA,NA,NA,NA,NA,NA,NA,NA,
2020-05-19,13:17:49.3862,Continuous,KeyDown,1,0,1,2,e,Correct,E,0,2338367,NA,NA,NA,NA,NA,NA,NA,NA,
2020-05-19,13:17:49.3862,Continuous,Sequence Success,1,0,1,2,NA,NA,NA,NA,0,6340035,NA,NA,NA,NA,NA,NA,NA,
2020-05-19,13:17:49.6196,Continuous,KeyDown,1,0,1,2,t,Correct,T,0,NA,NA,NA,NA,NA,NA,NA,NA,
2020-05-19,13:17:49.8523,Continuous,KeyDown,1,0,1,2,r,Correct,R,0,2335802,NA,NA,NA,NA,NA,NA,NA,NA,
2020-05-19,13:17:50.0199,Continuous,Sequence Failed,1,0,1,2,NA,NA,NA,NA,0,40023,NA,NA,NA,NA,NA,NA,NA,
2020-05-19,13:17:50.0199,Continuous,InputWindowOver,1,0,2,2,NA,NA,NA,NA,NA,7,1,1,8,Got Fish,NA,NA,
2020-05-19,13:18:09.7091,Continuous,KeyDown,1,8,2,3,e,Failed,T,0,NA,NA,NA,NA,NA,NA,NA,NA,
2020-05-19,13:18:09.9419,Continuous,KeyDown,1,8,2,3,t,Correct,T,0,NA,NA,NA,NA,NA,NA,NA,NA,
2020-05-19,13:18:10.1426,Continuous,KeyDown,1,8,2,3,r,Correct,R,0,2000679,NA,NA,NA,NA,NA,NA,NA,NA,
2020-05-19,13:18:10.3261,Continuous,KeyDown,1,8,2,3,w,Correct,W,0,1834747,NA,NA,NA,NA,NA,NA,NA,NA,
2020-05-19,13:18:10.5765,Continuous,KeyDown,1,8,2,3,e,Correct,E,0,2502375,NA,NA,NA,NA,NA,NA,NA,NA,
2020-05-19,13:18:10.5765,Continuous,Sequence Success,1,8,2,3,NA,NA,NA,NA,0,6337802,NA,NA,NA,NA,NA,NA,NA,
2020-05-19,13:18:10.7761,Continuous,KeyDown,1,8,2,3,t,Correct,T,0,NA,NA,NA,NA,NA,NA,NA,NA,
2020-05-19,13:18:11.0436,Continuous,KeyDown,1,8,2,3,r,Correct,R,0,2672057,NA,NA,NA,NA,NA,NA,NA,NA,
2020-05-19,13:18:11.2604,Continuous,KeyDown,1,8,2,3,w,Correct,W,0,2174056,NA,NA,NA,NA,NA,NA,NA,NA,
2020-05-19,13:18:11.5274,Continuous,KeyDown,1,8,2,3,e,Correct,E,0,2664063,NA,NA,NA,NA,NA,NA,NA,NA,
2020-05-19,13:18:11.5274,Continuous,Sequence Success,1,8,2,3,NA,NA,NA,NA,0,7510176,NA,NA,NA,NA,NA,NA,NA,
2020-05-19,13:18:11.7774,Continuous,KeyDown,1,8,2,3,t,Correct,T,0,NA,NA,NA,NA,NA,NA,NA,NA,
2020-05-19,13:18:11.9607,Continuous,KeyDown,1,8,2,3,r,Correct,R,0,1838295,NA,NA,NA,NA,NA,NA,NA,NA,
2020-05-19,13:18:12.1113,Continuous,KeyDown,1,8,2,3,w,Correct,W,0,1504474,NA,NA,NA,NA,NA,NA,NA,NA,
2020-05-19,13:18:12.3289,Continuous,KeyDown,1,8,2,3,e,Correct,E,0,2168233,NA,NA,NA,NA,NA,NA,NA,NA,
2020-05-19,13:18:12.3289,Continuous,Sequence Success,1,8,2,3,NA,NA,NA,NA,0,5511002,NA,NA,NA,NA,NA,NA,NA,
2020-05-19,13:18:12.5454,Continuous,KeyDown,1,8,2,3,t,Correct,T,0,NA,NA,NA,NA,NA,NA,NA,NA,
2020-05-19,13:18:12.7279,Continuous,KeyDown,1,8,2,3,r,Correct,R,0,1833813,NA,NA,NA,NA,NA,NA,NA,NA,
2020-05-19,13:18:12.8615,Continuous,KeyDown,1,8,2,3,w,Correct,W,0,1334438,NA,NA,NA,NA,NA,NA,NA,NA,
2020-05-19,13:18:13.0625,Continuous,KeyDown,1,8,2,3,e,Correct,E,0,2005167,NA,NA,NA,NA,NA,NA,NA,NA,
2020-05-19,13:18:13.0625,Continuous,Sequence Success,1,8,2,3,NA,NA,NA,NA,0,5173418,NA,NA,NA,NA,NA,NA,NA,
2020-05-19,13:18:13.3290,Continuous,KeyDown,1,8,2,3,t,Correct,T,0,NA,NA,NA,NA,NA,NA,NA,NA,
2020-05-19,13:18:13.5293,Continuous,KeyDown,1,8,2,3,r,Correct,R,0,2001334,NA,NA,NA,NA,NA,NA,NA,NA,
2020-05-19,13:18:13.6963,Continuous,KeyDown,1,8,2,3,w,Correct,W,0,1668948,NA,NA,NA,NA,NA,NA,NA,NA,
2020-05-19,13:18:13.8966,Continuous,KeyDown,1,8,2,3,e,Correct,E,0,2002018,NA,NA,NA,NA,NA,NA,NA,NA,
2020-05-19,13:18:13.8966,Continuous,Sequence Success,1,8,2,3,NA,NA,NA,NA,0,56723,NA,NA,NA,NA,NA,NA,NA,
2020-05-19,13:18:14.1637,Continuous,KeyDown,1,8,2,3,t,Correct,T,0,NA,NA,NA,NA,NA,NA,NA,NA,
2020-05-19,13:18:14.4471,Continuous,KeyDown,1,8,2,3,r,Correct,R,0,2834685,NA,NA,NA,NA,NA,NA,NA,NA,
2020-05-19,13:18:14.6303,Continuous,KeyDown,1,8,2,3,w,Correct,W,0,1836442,NA,NA,NA,NA,NA,NA,NA,NA,
2020-05-19,13:18:14.8478,Continuous,KeyDown,1,8,2,3,e,Correct,E,0,2169183,NA,NA,NA,NA,NA,NA,NA,NA,
2020-05-19,13:18:14.8478,Continuous,Sequence Success,1,8,2,3,NA,NA,NA,NA,0,684031,NA,NA,NA,NA,NA,NA,NA,
2020-05-19,13:18:15.0977,Continuous,KeyDown,1,8,2,3,t,Correct,T,0,NA,NA,NA,NA,NA,NA,NA,NA,
2020-05-19,13:18:15.2812,Continuous,KeyDown,1,8,2,3,r,Correct,R,0,1838369,NA,NA,NA,NA,NA,NA,NA,NA,
2020-05-19,13:18:15.4490,Continuous,KeyDown,1,8,2,3,w,Correct,W,0,166518,NA,NA,NA,NA,NA,NA,NA,NA,
2020-05-19,13:18:15.6654,Continuous,KeyDown,1,8,2,3,e,Correct,E,0,2169081,NA,NA,NA,NA,NA,NA,NA,NA,
2020-05-19,13:18:15.6654,Continuous,Sequence Success,1,8,2,3,NA,NA,NA,NA,0,567263,NA,NA,NA,NA,NA,NA,NA,
2020-05-19,13:18:15.7992,Continuous,InputWindowOver,1,8,2,3,NA,NA,NA,NA,NA,7,0,2,7,Fish Escaped,NA,NA,
2020-05-19,13:18:36.6540,Continuous,KeyDown,1,1,2,4,e,Failed,T,0,NA,NA,NA,NA,NA,NA,NA,NA,
2020-05-19,13:18:36.8888,Continuous,KeyDown,1,1,2,4,t,Correct,T,0,NA,NA,NA,NA,NA,NA,NA,NA,
2020-05-19,13:18:37.0883,Continuous,KeyDown,1,1,2,4,r,Correct,R,0,2001844,NA,NA,NA,NA,NA,NA,NA,NA,
2020-05-19,13:18:37.2554,Continuous,KeyDown,1,1,2,4,w,Correct,W,0,1669963,NA,NA,NA,NA,NA,NA,NA,NA,
2020-05-19,13:18:37.4724,Continuous,KeyDown,1,1,2,4,e,Correct,E,0,2169554,NA,NA,NA,NA,NA,NA,NA,NA,
2020-05-19,13:18:37.4724,Continuous,Sequence Success,1,1,2,4,NA,NA,NA,NA,0,5841361,NA,NA,NA,NA,NA,NA,NA,
2020-05-19,13:18:37.7068,Continuous,KeyDown,1,1,2,4,t,Correct,T,0,NA,NA,NA,NA,NA,NA,NA,NA,
2020-05-19,13:18:37.8893,Continuous,KeyDown,1,1,2,4,r,Correct,R,0,183474,NA,NA,NA,NA,NA,NA,NA,NA,
2020-05-19,13:18:38.1233,Continuous,KeyDown,1,1,2,4,w,Correct,W,0,2338766,NA,NA,NA,NA,NA,NA,NA,NA,
2020-05-19,13:18:38.3064,Continuous,KeyDown,1,1,2,4,e,Correct,E,0,1832576,NA,NA,NA,NA,NA,NA,NA,NA,
2020-05-19,13:18:38.3064,Continuous,Sequence Success,1,1,2,4,NA,NA,NA,NA,0,6006082,NA,NA,NA,NA,NA,NA,NA,
2020-05-19,13:18:38.5404,Continuous,KeyDown,1,1,2,4,t,Correct,T,0,NA,NA,NA,NA,NA,NA,NA,NA,
2020-05-19,13:18:38.7235,Continuous,KeyDown,1,1,2,4,r,Correct,R,0,1836023,NA,NA,NA,NA,NA,NA,NA,NA,
2020-05-19,13:18:38.9074,Continuous,KeyDown,1,1,2,4,w,Correct,W,0,183476,NA,NA,NA,NA,NA,NA,NA,NA,
2020-05-19,13:18:39.1073,Continuous,KeyDown,1,1,2,4,e,Correct,E,0,2004142,NA,NA,NA,NA,NA,NA,NA,NA,
2020-05-19,13:18:39.1082,Continuous,Sequence Success,1,1,2,4,NA,NA,NA,NA,0,5674924,NA,NA,NA,NA,NA,NA,NA,
2020-05-19,13:18:39.3576,Continuous,KeyDown,1,1,2,4,t,Correct,T,0,NA,NA,NA,NA,NA,NA,NA,NA,
2020-05-19,13:18:39.5414,Continuous,KeyDown,1,1,2,4,r,Correct,R,0,1838445,NA,NA,NA,NA,NA,NA,NA,NA,
2020-05-19,13:18:39.7081,Continuous,KeyDown,1,1,2,4,w,Correct,W,0,1666166,NA,NA,NA,NA,NA,NA,NA,NA,
2020-05-19,13:18:39.9258,Continuous,KeyDown,1,1,2,4,e,Correct,E,0,2169652,NA,NA,NA,NA,NA,NA,NA,NA,
2020-05-19,13:18:39.9258,Continuous,Sequence Success,1,1,2,4,NA,NA,NA,NA,0,5674263,NA,NA,NA,NA,NA,NA,NA,
2020-05-19,13:18:40.1752,Continuous,KeyDown,1,1,2,4,t,Correct,T,0,NA,NA,NA,NA,NA,NA,NA,NA,
2020-05-19,13:18:40.3756,Continuous,KeyDown,1,1,2,4,r,Correct,R,0,2005395,NA,NA,NA,NA,NA,NA,NA,NA,
2020-05-19,13:18:40.5426,Continuous,KeyDown,1,1,2,4,w,Correct,W,0,1665729,NA,NA,NA,NA,NA,NA,NA,NA,
2020-05-19,13:18:40.7424,Continuous,KeyDown,1,1,2,4,e,Correct,E,0,2001474,NA,NA,NA,NA,NA,NA,NA,NA,
2020-05-19,13:18:40.7424,Continuous,Sequence Success,1,1,2,4,NA,NA,NA,NA,0,5672598,NA,NA,NA,NA,NA,NA,NA,
2020-05-19,13:18:41.0264,Continuous,KeyDown,1,1,2,4,t,Correct,T,0,NA,NA,NA,NA,NA,NA,NA,NA,
2020-05-19,13:18:41.2096,Continuous,KeyDown,1,1,2,4,r,Correct,R,0,1838385,NA,NA,NA,NA,NA,NA,NA,NA,
2020-05-19,13:18:41.3937,Continuous,KeyDown,1,1,2,4,w,Correct,W,0,1835212,NA,NA,NA,NA,NA,NA,NA,NA,
2020-05-19,13:18:41.6101,Continuous,KeyDown,1,1,2,4,e,Correct,E,0,2167503,NA,NA,NA,NA,NA,NA,NA,NA,
2020-05-19,13:18:41.6101,Continuous,Sequence Success,1,1,2,4,NA,NA,NA,NA,0,58411,NA,NA,NA,NA,NA,NA,NA,
2020-05-19,13:18:41.8605,Continuous,KeyDown,1,1,2,4,r,Failed,T,0,NA,NA,NA,NA,NA,NA,NA,NA,
2020-05-19,13:18:42.2269,Continuous,KeyDown,1,1,2,4,e,Failed,T,0,3666279,NA,NA,NA,NA,NA,NA,NA,NA,
2020-05-19,13:18:42.5786,Continuous,KeyDown,1,1,2,4,t,Correct,T,0,3504706,NA,NA,NA,NA,NA,NA,NA,NA,
2020-05-19,13:18:42.7449,Continuous,KeyDown,1,1,2,4,r,Correct,R,0,1669929,NA,NA,NA,NA,NA,NA,NA,NA,
2020-05-19,13:18:42.9114,Continuous,KeyDown,1,1,2,4,w,Correct,W,0,1668608,NA,NA,NA,NA,NA,NA,NA,NA,
2020-05-19,13:18:43.0278,Continuous,Sequence Failed,1,1,2,4,NA,NA,NA,NA,1,167739,NA,NA,NA,NA,NA,NA,NA,
2020-05-19,13:18:43.0278,Continuous,InputWindowOver,1,1,3,4,NA,NA,NA,NA,NA,6,1,4,7,Got Fish,NA,NA,
2020-05-19,13:19:02.5833,Continuous,KeyDown,1,1,3,5,r,Failed,T,0,NA,NA,NA,NA,NA,NA,NA,NA,
2020-05-19,13:19:02.7668,Continuous,KeyDown,1,1,3,5,w,Failed,T,0,1834523,NA,NA,NA,NA,NA,NA,NA,NA,
2020-05-19,13:19:03.0002,Continuous,KeyDown,1,1,3,5,e,Failed,T,0,2333865,NA,NA,NA,NA,NA,NA,NA,NA,
2020-05-19,13:19:03.0002,Continuous,Sequence Failed,1,1,3,5,NA,NA,NA,NA,0,4168388,NA,NA,NA,NA,NA,NA,NA,
2020-05-19,13:19:03.2347,Continuous,KeyDown,1,1,3,5,t,Correct,T,0,NA,NA,NA,NA,NA,NA,NA,NA,
2020-05-19,13:19:03.4505,Continuous,KeyDown,1,1,3,5,r,Correct,R,0,2170919,NA,NA,NA,NA,NA,NA,NA,NA,
2020-05-19,13:19:03.6346,Continuous,KeyDown,1,1,3,5,w,Correct,W,0,1839948,NA,NA,NA,NA,NA,NA,NA,NA,
2020-05-19,13:19:03.8692,Continuous,KeyDown,1,1,3,5,e,Correct,E,0,232642,NA,NA,NA,NA,NA,NA,NA,NA,
2020-05-19,13:19:03.8692,Continuous,Sequence Success,1,1,3,5,NA,NA,NA,NA,0,6337286,NA,NA,NA,NA,NA,NA,NA,
2020-05-19,13:19:04.0853,Continuous,KeyDown,1,1,3,5,t,Correct,T,0,NA,NA,NA,NA,NA,NA,NA,NA,
2020-05-19,13:19:04.2857,Continuous,KeyDown,1,1,3,5,r,Correct,R,0,2003242,NA,NA,NA,NA,NA,NA,NA,NA,
2020-05-19,13:19:04.4856,Continuous,KeyDown,1,1,3,5,w,Correct,W,0,199843,NA,NA,NA,NA,NA,NA,NA,NA,
2020-05-19,13:19:04.6861,Continuous,KeyDown,1,1,3,5,e,Correct,E,0,2003426,NA,NA,NA,NA,NA,NA,NA,NA,
2020-05-19,13:19:04.6861,Continuous,Sequence Success,1,1,3,5,NA,NA,NA,NA,0,6005098,NA,NA,NA,NA,NA,NA,NA,
2020-05-19,13:19:04.9028,Continuous,KeyDown,1,1,3,5,t,Correct,T,0,NA,NA,NA,NA,NA,NA,NA,NA,
2020-05-19,13:19:05.1036,Continuous,KeyDown,1,1,3,5,r,Correct,R,0,2001212,NA,NA,NA,NA,NA,NA,NA,NA,
2020-05-19,13:19:05.3365,Continuous,KeyDown,1,1,3,5,w,Correct,W,0,2341582,NA,NA,NA,NA,NA,NA,NA,NA,
2020-05-19,13:19:05.5370,Continuous,KeyDown,1,1,3,5,e,Correct,E,0,1997965,NA,NA,NA,NA,NA,NA,NA,NA,
2020-05-19,13:19:05.5370,Continuous,Sequence Success,1,1,3,5,NA,NA,NA,NA,0,6340759,NA,NA,NA,NA,NA,NA,NA,
2020-05-19,13:19:05.7704,Continuous,KeyDown,1,1,3,5,t,Correct,T,0,NA,NA,NA,NA,NA,NA,NA,NA,
2020-05-19,13:19:05.9874,Continuous,KeyDown,1,1,3,5,r,Correct,R,0,2167888,NA,NA,NA,NA,NA,NA,NA,NA,
2020-05-19,13:19:06.1870,Continuous,KeyDown,1,1,3,5,w,Correct,W,0,2003074,NA,NA,NA,NA,NA,NA,NA,NA,
2020-05-19,13:19:06.3880,Continuous,KeyDown,1,1,3,5,e,Correct,E,0,2000734,NA,NA,NA,NA,NA,NA,NA,NA,
2020-05-19,13:19:06.3880,Continuous,Sequence Success,1,1,3,5,NA,NA,NA,NA,0,6171696,NA,NA,NA,NA,NA,NA,NA,
2020-05-19,13:19:06.6383,Continuous,KeyDown,1,1,3,5,t,Correct,T,0,NA,NA,NA,NA,NA,NA,NA,NA,
2020-05-19,13:19:06.8382,Continuous,KeyDown,1,1,3,5,r,Correct,R,0,2002289,NA,NA,NA,NA,NA,NA,NA,NA,
2020-05-19,13:19:07.0220,Continuous,KeyDown,1,1,3,5,w,Correct,W,0,1835904,NA,NA,NA,NA,NA,NA,NA,NA,
2020-05-19,13:19:07.2388,Continuous,KeyDown,1,1,3,5,e,Correct,E,0,2168207,NA,NA,NA,NA,NA,NA,NA,NA,
2020-05-19,13:19:07.2388,Continuous,Sequence Success,1,1,3,5,NA,NA,NA,NA,0,6006399,NA,NA,NA,NA,NA,NA,NA,
2020-05-19,13:19:07.4891,Continuous,KeyDown,1,1,3,5,t,Correct,T,0,NA,NA,NA,NA,NA,NA,NA,NA,
2020-05-19,13:19:07.7225,Continuous,KeyDown,1,1,3,5,r,Correct,R,0,2334642,NA,NA,NA,NA,NA,NA,NA,NA,
2020-05-19,13:19:07.9221,Continuous,KeyDown,1,1,3,5,w,Correct,W,0,2003191,NA,NA,NA,NA,NA,NA,NA,NA,
2020-05-19,13:19:08.1230,Continuous,KeyDown,1,1,3,5,e,Correct,E,0,200101,NA,NA,NA,NA,NA,NA,NA,NA,
2020-05-19,13:19:08.1230,Continuous,Sequence Success,1,1,3,5,NA,NA,NA,NA,0,6338843,NA,NA,NA,NA,NA,NA,NA,
2020-05-19,13:19:08.3564,Continuous,KeyDown,1,1,3,5,t,Correct,T,0,NA,NA,NA,NA,NA,NA,NA,NA,
2020-05-19,13:19:08.5731,Continuous,KeyDown,1,1,3,5,r,Correct,R,0,2168027,NA,NA,NA,NA,NA,NA,NA,NA,
2020-05-19,13:19:08.7398,Continuous,KeyDown,1,1,3,5,w,Correct,W,0,1664202,NA,NA,NA,NA,NA,NA,NA,NA,
2020-05-19,13:19:08.9235,Continuous,Sequence Failed,1,1,3,5,NA,NA,NA,NA,0,5668963,NA,NA,NA,NA,NA,NA,NA,
2020-05-19,13:19:08.9245,Continuous,InputWindowOver,1,1,4,5,NA,NA,NA,NA,NA,6,2,5,8,Got Fish,NA,NA,
2020-05-19,13:19:18.4184,Continuous,Frustration Questionnaire,NA,NA,4,5,NA,NA,NA,NA,NA,NA,NA,NA,NA,NA,2,2,
2020-05-19,13:19:38.9571,Continuous,KeyDown,2,2,4,6,e,Failed,T,0,NA,NA,NA,NA,NA,NA,NA,NA,
2020-05-19,13:19:39.1740,Continuous,KeyDown,2,2,4,6,t,Correct,T,0,NA,NA,NA,NA,NA,NA,NA,NA,
2020-05-19,13:19:39.3739,Continuous,KeyDown,2,2,4,6,r,Correct,R,0,1998877,NA,NA,NA,NA,NA,NA,NA,NA,
2020-05-19,13:19:39.5405,Continuous,KeyDown,2,2,4,6,w,Correct,W,0,1670408,NA,NA,NA,NA,NA,NA,NA,NA,
2020-05-19,13:19:39.7580,Continuous,KeyDown,2,2,4,6,e,Correct,E,0,2171044,NA,NA,NA,NA,NA,NA,NA,NA,
2020-05-19,13:19:39.7580,Continuous,Sequence Success,2,2,4,6,NA,NA,NA,NA,0,5840328,NA,NA,NA,NA,NA,NA,NA,
2020-05-19,13:19:40.0588,Continuous,KeyDown,2,2,4,6,t,Correct,T,0,NA,NA,NA,NA,NA,NA,NA,NA,
2020-05-19,13:19:40.3084,Continuous,KeyDown,2,2,4,6,r,Correct,R,0,249977,NA,NA,NA,NA,NA,NA,NA,NA,
2020-05-19,13:19:40.4908,Continuous,KeyDown,2,2,4,6,w,Correct,W,0,1838309,NA,NA,NA,NA,NA,NA,NA,NA,
2020-05-19,13:19:40.6917,Continuous,KeyDown,2,2,4,6,e,Correct,E,0,2000173,NA,NA,NA,NA,NA,NA,NA,NA,
2020-05-19,13:19:40.6917,Continuous,Sequence Success,2,2,4,6,NA,NA,NA,NA,0,6338252,NA,NA,NA,NA,NA,NA,NA,
2020-05-19,13:19:40.9597,Continuous,KeyDown,2,2,4,6,t,Correct,T,0,NA,NA,NA,NA,NA,NA,NA,NA,
2020-05-19,13:19:41.1254,Continuous,KeyDown,2,2,4,6,r,Correct,R,0,1666635,NA,NA,NA,NA,NA,NA,NA,NA,
2020-05-19,13:19:41.3262,Continuous,KeyDown,2,2,4,6,w,Correct,W,0,2007948,NA,NA,NA,NA,NA,NA,NA,NA,
2020-05-19,13:19:41.5097,Continuous,KeyDown,2,2,4,6,e,Correct,E,0,1829649,NA,NA,NA,NA,NA,NA,NA,NA,
2020-05-19,13:19:41.5097,Continuous,Sequence Success,2,2,4,6,NA,NA,NA,NA,0,5504232,NA,NA,NA,NA,NA,NA,NA,
2020-05-19,13:19:41.7605,Continuous,KeyDown,2,2,4,6,t,Correct,T,0,NA,NA,NA,NA,NA,NA,NA,NA,
2020-05-19,13:19:41.9604,Continuous,KeyDown,2,2,4,6,r,Correct,R,0,2001888,NA,NA,NA,NA,NA,NA,NA,NA,
2020-05-19,13:19:42.1270,Continuous,KeyDown,2,2,4,6,w,Correct,W,0,1669835,NA,NA,NA,NA,NA,NA,NA,NA,
2020-05-19,13:19:42.3444,Continuous,KeyDown,2,2,4,6,e,Correct,E,0,2167495,NA,NA,NA,NA,NA,NA,NA,NA,
2020-05-19,13:19:42.3444,Continuous,Sequence Success,2,2,4,6,NA,NA,NA,NA,0,5839218,NA,NA,NA,NA,NA,NA,NA,
2020-05-19,13:19:42.5936,Continuous,KeyDown,2,2,4,6,t,Correct,T,0,NA,NA,NA,NA,NA,NA,NA,NA,
2020-05-19,13:19:42.7935,Continuous,KeyDown,2,2,4,6,r,Correct,R,0,2007409,NA,NA,NA,NA,NA,NA,NA,NA,
2020-05-19,13:19:42.9785,Continuous,KeyDown,2,2,4,6,w,Correct,W,0,183024,NA,NA,NA,NA,NA,NA,NA,NA,
2020-05-19,13:19:43.1946,Continuous,KeyDown,2,2,4,6,e,Correct,E,0,2170354,NA,NA,NA,NA,NA,NA,NA,NA,
2020-05-19,13:19:43.1946,Continuous,Sequence Success,2,2,4,6,NA,NA,NA,NA,0,6008003,NA,NA,NA,NA,NA,NA,NA,
2020-05-19,13:19:43.4289,Continuous,KeyDown,2,2,4,6,t,Correct,T,0,NA,NA,NA,NA,NA,NA,NA,NA,
2020-05-19,13:19:43.6117,Continuous,KeyDown,2,2,4,6,r,Correct,R,0,1835801,NA,NA,NA,NA,NA,NA,NA,NA,
2020-05-19,13:19:43.7977,Continuous,KeyDown,2,2,4,6,w,Correct,W,0,1835549,NA,NA,NA,NA,NA,NA,NA,NA,
2020-05-19,13:19:44.0122,Continuous,KeyDown,2,2,4,6,e,Correct,E,0,2168089,NA,NA,NA,NA,NA,NA,NA,NA,
2020-05-19,13:19:44.0122,Continuous,Sequence Success,2,2,4,6,NA,NA,NA,NA,0,5839439,NA,NA,NA,NA,NA,NA,NA,
2020-05-19,13:19:44.2626,Continuous,KeyDown,2,2,4,6,t,Correct,T,0,NA,NA,NA,NA,NA,NA,NA,NA,
2020-05-19,13:19:44.4634,Continuous,KeyDown,2,2,4,6,r,Correct,R,0,2002712,NA,NA,NA,NA,NA,NA,NA,NA,
2020-05-19,13:19:44.6471,Continuous,KeyDown,2,2,4,6,w,Correct,W,0,1836378,NA,NA,NA,NA,NA,NA,NA,NA,
2020-05-19,13:19:44.8807,Continuous,KeyDown,2,2,4,6,e,Correct,E,0,2331528,NA,NA,NA,NA,NA,NA,NA,NA,
2020-05-19,13:19:44.8807,Continuous,Sequence Success,2,2,4,6,NA,NA,NA,NA,0,6170619,NA,NA,NA,NA,NA,NA,NA,
2020-05-19,13:19:45.1131,Continuous,KeyDown,2,2,4,6,t,Correct,T,0,NA,NA,NA,NA,NA,NA,NA,NA,
2020-05-19,13:19:45.3305,Continuous,KeyDown,2,2,4,6,r,Correct,R,0,2169282,NA,NA,NA,NA,NA,NA,NA,NA,
2020-05-19,13:19:45.4471,Continuous,Sequence Failed,2,2,4,6,NA,NA,NA,NA,0,3338125,NA,NA,NA,NA,NA,NA,NA,
2020-05-19,13:19:45.4471,Continuous,InputWindowOver,2,2,4,6,NA,NA,NA,NA,NA,7,1,5,8,Fish Escaped,NA,NA,
2020-05-19,13:20:04.5683,Continuous,KeyDown,2,2,4,7,e,Failed,T,0,NA,NA,NA,NA,NA,NA,NA,NA,
2020-05-19,13:20:04.7853,Continuous,KeyDown,2,2,4,7,t,Correct,T,0,NA,NA,NA,NA,NA,NA,NA,NA,
2020-05-19,13:20:04.9851,Continuous,KeyDown,2,2,4,7,r,Correct,R,0,1992023,NA,NA,NA,NA,NA,NA,NA,NA,
2020-05-19,13:20:05.1513,Continuous,KeyDown,2,2,4,7,w,Correct,W,0,1669712,NA,NA,NA,NA,NA,NA,NA,NA,
2020-05-19,13:20:05.3518,Continuous,KeyDown,2,2,4,7,e,Correct,E,0,1999464,NA,NA,NA,NA,NA,NA,NA,NA,
2020-05-19,13:20:05.3518,Continuous,Sequence Success,2,2,4,7,NA,NA,NA,NA,0,5661199,NA,NA,NA,NA,NA,NA,NA,
2020-05-19,13:20:05.5861,Continuous,KeyDown,2,2,4,7,t,Correct,T,0,NA,NA,NA,NA,NA,NA,NA,NA,
2020-05-19,13:20:05.7863,Continuous,KeyDown,2,2,4,7,r,Correct,R,0,2000343,NA,NA,NA,NA,NA,NA,NA,NA,
2020-05-19,13:20:05.9529,Continuous,KeyDown,2,2,4,7,w,Correct,W,0,1670804,NA,NA,NA,NA,NA,NA,NA,NA,
2020-05-19,13:20:06.1533,Continuous,KeyDown,2,2,4,7,e,Correct,E,0,1996716,NA,NA,NA,NA,NA,NA,NA,NA,
2020-05-19,13:20:06.1533,Continuous,Sequence Success,2,2,4,7,NA,NA,NA,NA,0,5667863,NA,NA,NA,NA,NA,NA,NA,
2020-05-19,13:20:06.3868,Continuous,KeyDown,2,2,4,7,t,Correct,T,0,NA,NA,NA,NA,NA,NA,NA,NA,
2020-05-19,13:20:06.6032,Continuous,KeyDown,2,2,4,7,r,Correct,R,0,2168475,NA,NA,NA,NA,NA,NA,NA,NA,
2020-05-19,13:20:06.7707,Continuous,KeyDown,2,2,4,7,w,Correct,W,0,1670827,NA,NA,NA,NA,NA,NA,NA,NA,
2020-05-19,13:20:07.0044,Continuous,KeyDown,2,2,4,7,e,Correct,E,0,233562,NA,NA,NA,NA,NA,NA,NA,NA,
2020-05-19,13:20:07.0044,Continuous,Sequence Success,2,2,4,7,NA,NA,NA,NA,0,6174922,NA,NA,NA,NA,NA,NA,NA,
2020-05-19,13:20:07.2209,Continuous,KeyDown,2,2,4,7,t,Correct,T,0,NA,NA,NA,NA,NA,NA,NA,NA,
2020-05-19,13:20:07.4718,Continuous,KeyDown,2,2,4,7,r,Correct,R,0,2497999,NA,NA,NA,NA,NA,NA,NA,NA,
2020-05-19,13:20:07.6384,Continuous,KeyDown,2,2,4,7,w,Correct,W,0,1666877,NA,NA,NA,NA,NA,NA,NA,NA,
2020-05-19,13:20:07.8552,Continuous,KeyDown,2,2,4,7,e,Correct,E,0,2177321,NA,NA,NA,NA,NA,NA,NA,NA,
2020-05-19,13:20:07.8552,Continuous,Sequence Success,2,2,4,7,NA,NA,NA,NA,0,6342197,NA,NA,NA,NA,NA,NA,NA,
2020-05-19,13:20:08.0720,Continuous,KeyDown,2,2,4,7,t,Correct,T,0,NA,NA,NA,NA,NA,NA,NA,NA,
2020-05-19,13:20:08.2721,Continuous,KeyDown,2,2,4,7,r,Correct,R,0,200053,NA,NA,NA,NA,NA,NA,NA,NA,
2020-05-19,13:20:08.4387,Continuous,KeyDown,2,2,4,7,w,Correct,W,0,1669023,NA,NA,NA,NA,NA,NA,NA,NA,
2020-05-19,13:20:08.6561,Continuous,KeyDown,2,2,4,7,e,Correct,E,0,2170189,NA,NA,NA,NA,NA,NA,NA,NA,
2020-05-19,13:20:08.6571,Continuous,Sequence Success,2,2,4,7,NA,NA,NA,NA,0,5839742,NA,NA,NA,NA,NA,NA,NA,
2020-05-19,13:20:08.8728,Continuous,KeyDown,2,2,4,7,t,Correct,T,0,NA,NA,NA,NA,NA,NA,NA,NA,
2020-05-19,13:20:09.1068,Continuous,KeyDown,2,2,4,7,r,Correct,R,0,233652,NA,NA,NA,NA,NA,NA,NA,NA,
2020-05-19,13:20:09.3066,Continuous,KeyDown,2,2,4,7,w,Correct,W,0,2001876,NA,NA,NA,NA,NA,NA,NA,NA,
2020-05-19,13:20:09.5065,Continuous,KeyDown,2,2,4,7,e,Correct,E,0,2004629,NA,NA,NA,NA,NA,NA,NA,NA,
2020-05-19,13:20:09.5065,Continuous,Sequence Success,2,2,4,7,NA,NA,NA,NA,0,6343025,NA,NA,NA,NA,NA,NA,NA,
2020-05-19,13:20:09.7411,Continuous,KeyDown,2,2,4,7,t,Correct,T,0,NA,NA,NA,NA,NA,NA,NA,NA,
2020-05-19,13:20:09.9736,Continuous,KeyDown,2,2,4,7,r,Correct,R,0,2336071,NA,NA,NA,NA,NA,NA,NA,NA,
2020-05-19,13:20:10.1742,Continuous,KeyDown,2,2,4,7,w,Correct,W,0,2003554,NA,NA,NA,NA,NA,NA,NA,NA,
2020-05-19,13:20:10.4252,Continuous,KeyDown,2,2,4,7,e,Correct,E,0,2503602,NA,NA,NA,NA,NA,NA,NA,NA,
2020-05-19,13:20:10.4252,Continuous,Sequence Success,2,2,4,7,NA,NA,NA,NA,0,6843227,NA,NA,NA,NA,NA,NA,NA,
2020-05-19,13:20:10.6586,Continuous,KeyDown,2,2,4,7,t,Correct,T,0,NA,NA,NA,NA,NA,NA,NA,NA,
2020-05-19,13:20:10.8921,Continuous,KeyDown,2,2,4,7,r,Correct,R,0,2338115,NA,NA,NA,NA,NA,NA,NA,NA,
2020-05-19,13:20:11.0755,Continuous,Sequence Failed,2,2,4,7,NA,NA,NA,NA,0,4173223,NA,NA,NA,NA,NA,NA,NA,
2020-05-19,13:20:11.0755,Continuous,InputWindowOver,2,2,5,7,NA,NA,NA,NA,NA,7,1,4,8,Got Fish,NA,NA,
2020-05-19,13:20:30.7641,Continuous,KeyDown,2,2,5,8,e,Failed,T,0,NA,NA,NA,NA,NA,NA,NA,NA,
2020-05-19,13:20:30.9806,Continuous,KeyDown,2,2,5,8,t,Correct,T,0,NA,NA,NA,NA,NA,NA,NA,NA,
2020-05-19,13:20:31.1813,Continuous,KeyDown,2,2,5,8,r,Correct,R,0,2001487,NA,NA,NA,NA,NA,NA,NA,NA,
2020-05-19,13:20:31.3821,Continuous,KeyDown,2,2,5,8,w,Correct,W,0,20026,NA,NA,NA,NA,NA,NA,NA,NA,
2020-05-19,13:20:31.5814,Continuous,KeyDown,2,2,5,8,e,Correct,E,0,2002884,NA,NA,NA,NA,NA,NA,NA,NA,
2020-05-19,13:20:31.5814,Continuous,Sequence Success,2,2,5,8,NA,NA,NA,NA,0,6006971,NA,NA,NA,NA,NA,NA,NA,
2020-05-19,13:20:31.7987,Continuous,KeyDown,2,2,5,8,t,Correct,T,0,NA,NA,NA,NA,NA,NA,NA,NA,
2020-05-19,13:20:31.9992,Continuous,KeyDown,2,2,5,8,r,Correct,R,0,2004245,NA,NA,NA,NA,NA,NA,NA,NA,
2020-05-19,13:20:32.2158,Continuous,KeyDown,2,2,5,8,w,Correct,W,0,216664,NA,NA,NA,NA,NA,NA,NA,NA,
2020-05-19,13:20:32.4001,Continuous,KeyDown,2,2,5,8,e,Correct,E,0,1840688,NA,NA,NA,NA,NA,NA,NA,NA,
2020-05-19,13:20:32.4001,Continuous,Sequence Success,2,2,5,8,NA,NA,NA,NA,0,6011572,NA,NA,NA,NA,NA,NA,NA,
2020-05-19,13:20:32.6160,Continuous,KeyDown,2,2,5,8,t,Correct,T,0,NA,NA,NA,NA,NA,NA,NA,NA,
2020-05-19,13:20:32.8163,Continuous,KeyDown,2,2,5,8,r,Correct,R,0,1994895,NA,NA,NA,NA,NA,NA,NA,NA,
2020-05-19,13:20:33.0160,Continuous,KeyDown,2,2,5,8,w,Correct,W,0,2002788,NA,NA,NA,NA,NA,NA,NA,NA,
2020-05-19,13:20:33.2174,Continuous,KeyDown,2,2,5,8,e,Correct,E,0,2004119,NA,NA,NA,NA,NA,NA,NA,NA,
2020-05-19,13:20:33.2174,Continuous,Sequence Success,2,2,5,8,NA,NA,NA,NA,0,6001801,NA,NA,NA,NA,NA,NA,NA,
2020-05-19,13:20:33.4503,Continuous,KeyDown,2,2,5,8,t,Correct,T,0,NA,NA,NA,NA,NA,NA,NA,NA,
2020-05-19,13:20:33.6837,Continuous,KeyDown,2,2,5,8,r,Correct,R,0,2336667,NA,NA,NA,NA,NA,NA,NA,NA,
2020-05-19,13:20:33.8685,Continuous,KeyDown,2,2,5,8,w,Correct,W,0,183517,NA,NA,NA,NA,NA,NA,NA,NA,
2020-05-19,13:20:34.0839,Continuous,KeyDown,2,2,5,8,e,Correct,E,0,2168438,NA,NA,NA,NA,NA,NA,NA,NA,
2020-05-19,13:20:34.0839,Continuous,Sequence Success,2,2,5,8,NA,NA,NA,NA,0,6340275,NA,NA,NA,NA,NA,NA,NA,
2020-05-19,13:20:34.3187,Continuous,KeyDown,2,2,5,8,t,Correct,T,0,NA,NA,NA,NA,NA,NA,NA,NA,
2020-05-19,13:20:34.5016,Continuous,KeyDown,2,2,5,8,r,Correct,R,0,1836686,NA,NA,NA,NA,NA,NA,NA,NA,
2020-05-19,13:20:34.6844,Continuous,KeyDown,2,2,5,8,w,Correct,W,0,1839279,NA,NA,NA,NA,NA,NA,NA,NA,
2020-05-19,13:20:34.9348,Continuous,KeyDown,2,2,5,8,e,Correct,E,0,2497138,NA,NA,NA,NA,NA,NA,NA,NA,
2020-05-19,13:20:34.9348,Continuous,Sequence Success,2,2,5,8,NA,NA,NA,NA,0,6173103,NA,NA,NA,NA,NA,NA,NA,
2020-05-19,13:20:35.1354,Continuous,KeyDown,2,2,5,8,t,Correct,T,0,NA,NA,NA,NA,NA,NA,NA,NA,
2020-05-19,13:20:35.3356,Continuous,KeyDown,2,2,5,8,r,Correct,R,0,2002172,NA,NA,NA,NA,NA,NA,NA,NA,
2020-05-19,13:20:35.6352,Continuous,KeyDown,2,2,5,8,w,Correct,W,0,3004457,NA,NA,NA,NA,NA,NA,NA,NA,
2020-05-19,13:20:35.8861,Continuous,KeyDown,2,2,5,8,e,Correct,E,0,2499609,NA,NA,NA,NA,NA,NA,NA,NA,
2020-05-19,13:20:35.8861,Continuous,Sequence Success,2,2,5,8,NA,NA,NA,NA,0,7506238,NA,NA,NA,NA,NA,NA,NA,
2020-05-19,13:20:36.2036,Continuous,KeyDown,2,2,5,8,t,Correct,T,0,NA,NA,NA,NA,NA,NA,NA,NA,
2020-05-19,13:20:36.4195,Continuous,KeyDown,2,2,5,8,r,Correct,R,0,2165583,NA,NA,NA,NA,NA,NA,NA,NA,
2020-05-19,13:20:36.5871,Continuous,KeyDown,2,2,5,8,w,Correct,W,0,1671933,NA,NA,NA,NA,NA,NA,NA,NA,
2020-05-19,13:20:36.8039,Continuous,KeyDown,2,2,5,8,e,Correct,E,0,217133,NA,NA,NA,NA,NA,NA,NA,NA,
2020-05-19,13:20:36.8039,Continuous,Sequence Success,2,2,5,8,NA,NA,NA,NA,0,6008846,NA,NA,NA,NA,NA,NA,NA,
2020-05-19,13:20:37.0037,Continuous,InputWindowOver,2,2,6,8,NA,NA,NA,NA,NA,7,0,2,7,Got Fish,NA,NA,
2020-05-19,13:20:59.1784,Continuous,KeyDown,2,3,6,9,r,Failed,T,0,NA,NA,NA,NA,NA,NA,NA,NA,
2020-05-19,13:20:59.3626,Continuous,KeyDown,2,3,6,9,w,Failed,T,0,1835406,NA,NA,NA,NA,NA,NA,NA,NA,
2020-05-19,13:20:59.5454,Continuous,KeyDown,2,3,6,9,e,Failed,T,0,1833137,NA,NA,NA,NA,NA,NA,NA,NA,
2020-05-19,13:20:59.5454,Continuous,Sequence Failed,2,3,6,9,NA,NA,NA,NA,0,3668543,NA,NA,NA,NA,NA,NA,NA,
2020-05-19,13:20:59.7791,Continuous,KeyDown,2,3,6,9,t,Correct,T,0,NA,NA,NA,NA,NA,NA,NA,NA,
2020-05-19,13:20:59.9628,Continuous,KeyDown,2,3,6,9,r,Correct,R,0,1838545,NA,NA,NA,NA,NA,NA,NA,NA,
2020-05-19,13:21:00.1464,Continuous,KeyDown,2,3,6,9,w,Correct,W,0,1837853,NA,NA,NA,NA,NA,NA,NA,NA,
2020-05-19,13:21:00.3461,Continuous,KeyDown,2,3,6,9,e,Correct,E,0,200119,NA,NA,NA,NA,NA,NA,NA,NA,
2020-05-19,13:21:00.3461,Continuous,Sequence Success,2,3,6,9,NA,NA,NA,NA,0,5677588,NA,NA,NA,NA,NA,NA,NA,
2020-05-19,13:21:00.5630,Continuous,KeyDown,2,3,6,9,t,Correct,T,0,NA,NA,NA,NA,NA,NA,NA,NA,
2020-05-19,13:21:00.7633,Continuous,KeyDown,2,3,6,9,r,Correct,R,0,2002013,NA,NA,NA,NA,NA,NA,NA,NA,
2020-05-19,13:21:00.9638,Continuous,KeyDown,2,3,6,9,w,Correct,W,0,2000837,NA,NA,NA,NA,NA,NA,NA,NA,
2020-05-19,13:21:01.1811,Continuous,KeyDown,2,3,6,9,e,Correct,E,0,2169675,NA,NA,NA,NA,NA,NA,NA,NA,
2020-05-19,13:21:01.1811,Continuous,Sequence Success,2,3,6,9,NA,NA,NA,NA,0,6172525,NA,NA,NA,NA,NA,NA,NA,
2020-05-19,13:21:01.4135,Continuous,KeyDown,2,3,6,9,t,Correct,T,0,NA,NA,NA,NA,NA,NA,NA,NA,
2020-05-19,13:21:01.5983,Continuous,KeyDown,2,3,6,9,r,Correct,R,0,1834216,NA,NA,NA,NA,NA,NA,NA,NA,
2020-05-19,13:21:01.7816,Continuous,KeyDown,2,3,6,9,w,Correct,W,0,183929,NA,NA,NA,NA,NA,NA,NA,NA,
2020-05-19,13:21:01.9652,Continuous,KeyDown,2,3,6,9,e,Correct,E,0,1836007,NA,NA,NA,NA,NA,NA,NA,NA,
2020-05-19,13:21:01.9652,Continuous,Sequence Success,2,3,6,9,NA,NA,NA,NA,0,5509513,NA,NA,NA,NA,NA,NA,NA,
2020-05-19,13:21:02.1822,Continuous,KeyDown,2,3,6,9,t,Correct,T,0,NA,NA,NA,NA,NA,NA,NA,NA,
2020-05-19,13:21:02.3660,Continuous,KeyDown,2,3,6,9,r,Correct,R,0,1832174,NA,NA,NA,NA,NA,NA,NA,NA,
2020-05-19,13:21:02.5155,Continuous,KeyDown,2,3,6,9,w,Correct,W,0,1501432,NA,NA,NA,NA,NA,NA,NA,NA,
2020-05-19,13:21:02.7162,Continuous,KeyDown,2,3,6,9,e,Correct,E,0,2002096,NA,NA,NA,NA,NA,NA,NA,NA,
2020-05-19,13:21:02.7162,Continuous,Sequence Success,2,3,6,9,NA,NA,NA,NA,0,5335702,NA,NA,NA,NA,NA,NA,NA,
2020-05-19,13:21:02.9522,Continuous,KeyDown,2,3,6,9,t,Correct,T,0,NA,NA,NA,NA,NA,NA,NA,NA,
2020-05-19,13:21:03.1500,Continuous,KeyDown,2,3,6,9,r,Correct,R,0,2001287,NA,NA,NA,NA,NA,NA,NA,NA,
2020-05-19,13:21:03.3334,Continuous,KeyDown,2,3,6,9,w,Correct,W,0,183211,NA,NA,NA,NA,NA,NA,NA,NA,
2020-05-19,13:21:03.5670,Continuous,KeyDown,2,3,6,9,e,Correct,E,0,2336535,NA,NA,NA,NA,NA,NA,NA,NA,
2020-05-19,13:21:03.5670,Continuous,Sequence Success,2,3,6,9,NA,NA,NA,NA,0,6169932,NA,NA,NA,NA,NA,NA,NA,
2020-05-19,13:21:03.7840,Continuous,KeyDown,2,3,6,9,t,Correct,T,0,NA,NA,NA,NA,NA,NA,NA,NA,
2020-05-19,13:21:04.0503,Continuous,KeyDown,2,3,6,9,r,Correct,R,0,2666793,NA,NA,NA,NA,NA,NA,NA,NA,
2020-05-19,13:21:04.2506,Continuous,KeyDown,2,3,6,9,w,Correct,W,0,2001609,NA,NA,NA,NA,NA,NA,NA,NA,
2020-05-19,13:21:04.8511,Continuous,KeyDown,2,3,6,9,t,Correct,E,0,6008326,NA,NA,NA,NA,NA,NA,NA,NA,
2020-05-19,13:21:04.9022,Continuous,KeyDown,2,3,6,9,r,Correct,R,0,04978359,NA,NA,NA,NA,NA,NA,NA,NA,
2020-05-19,13:21:05.0348,Continuous,KeyDown,2,3,6,9,w,Correct,W,0,1336215,NA,NA,NA,NA,NA,NA,NA,NA,
2020-05-19,13:21:05.1515,Continuous,KeyDown,2,3,6,9,r,Failed,E,0,1169161,NA,NA,NA,NA,NA,NA,NA,NA,
2020-05-19,13:21:05.1515,Continuous,Sequence Failed,2,3,6,9,NA,NA,NA,NA,1,367994,NA,NA,NA,NA,NA,NA,NA,
2020-05-19,13:21:05.2193,Continuous,KeyDown,2,3,6,9,t,Correct,T,0,NA,NA,NA,NA,NA,NA,NA,NA,
2020-05-19,13:21:05.3021,Continuous,KeyDown,2,3,6,9,w,Failed,R,0,0835094,NA,NA,NA,NA,NA,NA,NA,NA,
2020-05-19,13:21:05.3021,Continuous,Sequence Failed,2,3,6,9,NA,NA,NA,NA,0,0835094,NA,NA,NA,NA,NA,NA,NA,
2020-05-19,13:21:05.4190,Continuous,KeyDown,2,3,6,9,r,Failed,T,0,NA,NA,NA,NA,NA,NA,NA,NA,
2020-05-19,13:21:05.4858,Continuous,KeyDown,2,3,6,9,t,Correct,T,0,NA,NA,NA,NA,NA,NA,NA,NA,
2020-05-19,13:21:05.6026,Continuous,KeyDown,2,3,6,9,w,Failed,R,0,116349,NA,NA,NA,NA,NA,NA,NA,NA,
2020-05-19,13:21:05.6026,Continuous,Sequence Failed,2,3,6,9,NA,NA,NA,NA,0,116349,NA,NA,NA,NA,NA,NA,NA,
2020-05-19,13:21:05.6685,Continuous,InputWindowOver,2,3,6,9,NA,NA,NA,NA,NA,5,4,0,9,Fish Escaped,NA,NA,
2020-05-19,13:21:25.0908,Continuous,KeyDown,2,3,6,10,r,Failed,T,0,NA,NA,NA,NA,NA,NA,NA,NA,
2020-05-19,13:21:25.2733,Continuous,KeyDown,2,3,6,10,w,Failed,T,0,183667,NA,NA,NA,NA,NA,NA,NA,NA,
2020-05-19,13:21:25.4579,Continuous,KeyDown,2,3,6,10,e,Failed,T,0,1834141,NA,NA,NA,NA,NA,NA,NA,NA,
2020-05-19,13:21:25.4579,Continuous,Sequence Failed,2,3,6,10,NA,NA,NA,NA,0,3670811,NA,NA,NA,NA,NA,NA,NA,
2020-05-19,13:21:25.7077,Continuous,KeyDown,2,3,6,10,t,Correct,T,0,NA,NA,NA,NA,NA,NA,NA,NA,
2020-05-19,13:21:25.9078,Continuous,KeyDown,2,3,6,10,r,Correct,R,0,2002825,NA,NA,NA,NA,NA,NA,NA,NA,
2020-05-19,13:21:26.0744,Continuous,KeyDown,2,3,6,10,w,Correct,W,0,1667014,NA,NA,NA,NA,NA,NA,NA,NA,
2020-05-19,13:21:26.2583,Continuous,KeyDown,2,3,6,10,e,Correct,E,0,1838934,NA,NA,NA,NA,NA,NA,NA,NA,
2020-05-19,13:21:26.2583,Continuous,Sequence Success,2,3,6,10,NA,NA,NA,NA,0,5508773,NA,NA,NA,NA,NA,NA,NA,
2020-05-19,13:21:26.5254,Continuous,KeyDown,2,3,6,10,t,Correct,T,0,NA,NA,NA,NA,NA,NA,NA,NA,
2020-05-19,13:21:26.7093,Continuous,KeyDown,2,3,6,10,r,Correct,R,0,1835022,NA,NA,NA,NA,NA,NA,NA,NA,
2020-05-19,13:21:26.8778,Continuous,KeyDown,2,3,6,10,w,Correct,W,0,1667943,NA,NA,NA,NA,NA,NA,NA,NA,
2020-05-19,13:21:27.1094,Continuous,KeyDown,2,3,6,10,e,Correct,E,0,2337349,NA,NA,NA,NA,NA,NA,NA,NA,
2020-05-19,13:21:27.1094,Continuous,Sequence Success,2,3,6,10,NA,NA,NA,NA,0,5840314,NA,NA,NA,NA,NA,NA,NA,
2020-05-19,13:21:27.3768,Continuous,KeyDown,2,3,6,10,t,Correct,T,0,NA,NA,NA,NA,NA,NA,NA,NA,
2020-05-19,13:21:27.5434,Continuous,KeyDown,2,3,6,10,r,Correct,R,0,1672032,NA,NA,NA,NA,NA,NA,NA,NA,
2020-05-19,13:21:27.7270,Continuous,KeyDown,2,3,6,10,w,Correct,W,0,1833694,NA,NA,NA,NA,NA,NA,NA,NA,
2020-05-19,13:21:27.8928,Continuous,KeyDown,2,3,6,10,e,Correct,E,0,1667472,NA,NA,NA,NA,NA,NA,NA,NA,
2020-05-19,13:21:27.8928,Continuous,Sequence Success,2,3,6,10,NA,NA,NA,NA,0,5173198,NA,NA,NA,NA,NA,NA,NA,
2020-05-19,13:21:28.3776,Continuous,KeyDown,2,3,6,10,t,Correct,T,0,NA,NA,NA,NA,NA,NA,NA,NA,
2020-05-19,13:21:28.5441,Continuous,KeyDown,2,3,6,10,r,Correct,R,0,1670654,NA,NA,NA,NA,NA,NA,NA,NA,
2020-05-19,13:21:28.7608,Continuous,KeyDown,2,3,6,10,w,Correct,W,0,217293,NA,NA,NA,NA,NA,NA,NA,NA,
2020-05-19,13:21:28.8777,Continuous,KeyDown,2,3,6,10,r,Failed,E,0,1165243,NA,NA,NA,NA,NA,NA,NA,NA,
2020-05-19,13:21:28.8777,Continuous,Sequence Failed,2,3,6,10,NA,NA,NA,NA,0,5008826,NA,NA,NA,NA,NA,NA,NA,
2020-05-19,13:21:28.9615,Continuous,KeyDown,2,3,6,10,t,Correct,T,0,NA,NA,NA,NA,NA,NA,NA,NA,
2020-05-19,13:21:29.0612,Continuous,KeyDown,2,3,6,10,w,Failed,R,0,1000192,NA,NA,NA,NA,NA,NA,NA,NA,
2020-05-19,13:21:29.0612,Continuous,Sequence Failed,2,3,6,10,NA,NA,NA,NA,0,1000192,NA,NA,NA,NA,NA,NA,NA,
2020-05-19,13:21:29.1781,Continuous,KeyDown,2,3,6,10,r,Failed,T,0,NA,NA,NA,NA,NA,NA,NA,NA,
2020-05-19,13:21:29.2619,Continuous,KeyDown,2,3,6,10,t,Correct,T,0,NA,NA,NA,NA,NA,NA,NA,NA,
2020-05-19,13:21:29.3787,Continuous,KeyDown,2,3,6,10,w,Failed,R,0,1170562,NA,NA,NA,NA,NA,NA,NA,NA,
2020-05-19,13:21:29.3787,Continuous,Sequence Failed,2,3,6,10,NA,NA,NA,NA,0,1170562,NA,NA,NA,NA,NA,NA,NA,
2020-05-19,13:21:31.5643,Continuous,InputWindowOver,2,3,7,10,NA,NA,NA,NA,NA,3,4,0,7,Got Fish,NA,NA,
2020-05-19,13:21:51.8364,Continuous,KeyDown,2,3,7,11,r,Failed,T,0,NA,NA,NA,NA,NA,NA,NA,NA,
2020-05-19,13:21:52.0199,Continuous,KeyDown,2,3,7,11,w,Failed,T,0,1831568,NA,NA,NA,NA,NA,NA,NA,NA,
2020-05-19,13:21:52.2037,Continuous,KeyDown,2,3,7,11,e,Failed,T,0,1838775,NA,NA,NA,NA,NA,NA,NA,NA,
2020-05-19,13:21:52.2037,Continuous,Sequence Failed,2,3,7,11,NA,NA,NA,NA,0,3670343,NA,NA,NA,NA,NA,NA,NA,
2020-05-19,13:21:52.4536,Continuous,KeyDown,2,3,7,11,t,Correct,T,0,NA,NA,NA,NA,NA,NA,NA,NA,
2020-05-19,13:21:52.6373,Continuous,KeyDown,2,3,7,11,r,Correct,R,0,1832041,NA,NA,NA,NA,NA,NA,NA,NA,
2020-05-19,13:21:52.8379,Continuous,KeyDown,2,3,7,11,w,Correct,W,0,2004438,NA,NA,NA,NA,NA,NA,NA,NA,
2020-05-19,13:21:53.0046,Continuous,KeyDown,2,3,7,11,e,Correct,E,0,1669133,NA,NA,NA,NA,NA,NA,NA,NA,
2020-05-19,13:21:53.0046,Continuous,Sequence Success,2,3,7,11,NA,NA,NA,NA,0,5505611,NA,NA,NA,NA,NA,NA,NA,
2020-05-19,13:21:53.3212,Continuous,KeyDown,2,3,7,11,t,Correct,T,0,NA,NA,NA,NA,NA,NA,NA,NA,
2020-05-19,13:21:53.4885,Continuous,KeyDown,2,3,7,11,r,Correct,R,0,1669392,NA,NA,NA,NA,NA,NA,NA,NA,
2020-05-19,13:21:53.6886,Continuous,KeyDown,2,3,7,11,w,Correct,W,0,2004772,NA,NA,NA,NA,NA,NA,NA,NA,
2020-05-19,13:21:53.8728,Continuous,KeyDown,2,3,7,11,e,Correct,E,0,1837498,NA,NA,NA,NA,NA,NA,NA,NA,
2020-05-19,13:21:53.8728,Continuous,Sequence Success,2,3,7,11,NA,NA,NA,NA,0,5511662,NA,NA,NA,NA,NA,NA,NA,
2020-05-19,13:21:54.1561,Continuous,KeyDown,2,3,7,11,t,Correct,T,0,NA,NA,NA,NA,NA,NA,NA,NA,
2020-05-19,13:21:54.2891,Continuous,KeyDown,2,3,7,11,r,Correct,R,0,1330219,NA,NA,NA,NA,NA,NA,NA,NA,
2020-05-19,13:21:54.6227,Continuous,KeyDown,2,3,7,11,w,Correct,W,0,3337499,NA,NA,NA,NA,NA,NA,NA,NA,
2020-05-19,13:21:54.8228,Continuous,KeyDown,2,3,7,11,e,Correct,E,0,2003617,NA,NA,NA,NA,NA,NA,NA,NA,
2020-05-19,13:21:54.8228,Continuous,Sequence Success,2,3,7,11,NA,NA,NA,NA,0,6671335,NA,NA,NA,NA,NA,NA,NA,
2020-05-19,13:21:55.1070,Continuous,KeyDown,2,3,7,11,t,Correct,T,0,NA,NA,NA,NA,NA,NA,NA,NA,
2020-05-19,13:21:55.2907,Continuous,KeyDown,2,3,7,11,r,Correct,R,0,1834665,NA,NA,NA,NA,NA,NA,NA,NA,
2020-05-19,13:21:55.5077,Continuous,KeyDown,2,3,7,11,w,Correct,W,0,2167966,NA,NA,NA,NA,NA,NA,NA,NA,
2020-05-19,13:21:55.7078,Continuous,KeyDown,2,3,7,11,e,Correct,E,0,2003494,NA,NA,NA,NA,NA,NA,NA,NA,
2020-05-19,13:21:55.7078,Continuous,Sequence Success,2,3,7,11,NA,NA,NA,NA,0,6006125,NA,NA,NA,NA,NA,NA,NA,
2020-05-19,13:21:55.9583,Continuous,KeyDown,2,3,7,11,t,Correct,T,0,NA,NA,NA,NA,NA,NA,NA,NA,
2020-05-19,13:21:56.1251,Continuous,KeyDown,2,3,7,11,t,Correct,R,0,NA,NA,NA,NA,NA,NA,NA,NA,
2020-05-19,13:21:56.2747,Continuous,KeyDown,2,3,7,11,r,Correct,R,0,1505585,NA,NA,NA,NA,NA,NA,NA,NA,
2020-05-19,13:21:56.4584,Continuous,KeyDown,2,3,7,11,w,Correct,W,0,1829241,NA,NA,NA,NA,NA,NA,NA,NA,
2020-05-19,13:21:56.6090,Continuous,KeyDown,2,3,7,11,r,Failed,E,0,1502052,NA,NA,NA,NA,NA,NA,NA,NA,
2020-05-19,13:21:56.6090,Continuous,Sequence Failed,2,3,7,11,NA,NA,NA,NA,0,4836878,NA,NA,NA,NA,NA,NA,NA,
2020-05-19,13:21:56.6758,Continuous,KeyDown,2,3,7,11,t,Correct,T,0,NA,NA,NA,NA,NA,NA,NA,NA,
2020-05-19,13:21:56.8257,Continuous,KeyDown,2,3,7,11,w,Failed,R,0,1504016,NA,NA,NA,NA,NA,NA,NA,NA,
2020-05-19,13:21:56.8257,Continuous,Sequence Failed,2,3,7,11,NA,NA,NA,NA,0,1504016,NA,NA,NA,NA,NA,NA,NA,
2020-05-19,13:21:56.9423,Continuous,KeyDown,2,3,7,11,r,Failed,T,0,NA,NA,NA,NA,NA,NA,NA,NA,
2020-05-19,13:21:56.9922,Continuous,KeyDown,2,3,7,11,t,Correct,T,0,NA,NA,NA,NA,NA,NA,NA,NA,
2020-05-19,13:21:57.1258,Continuous,KeyDown,2,3,7,11,w,Failed,R,0,1336638,NA,NA,NA,NA,NA,NA,NA,NA,
2020-05-19,13:21:57.1258,Continuous,Sequence Failed,2,3,7,11,NA,NA,NA,NA,0,1336638,NA,NA,NA,NA,NA,NA,NA,
2020-05-19,13:21:57.2425,Continuous,KeyDown,2,3,7,11,r,Failed,T,0,NA,NA,NA,NA,NA,NA,NA,NA,
2020-05-19,13:21:58.0098,Continuous,InputWindowOver,2,3,8,11,NA,NA,NA,NA,NA,4,4,0,8,Got Fish,NA,NA,
2020-05-19,13:22:07.2703,Continuous,Frustration Questionnaire,NA,NA,8,11,NA,NA,NA,NA,NA,NA,NA,NA,NA,NA,4,3,
2020-05-19,13:22:34.5001,Continuous,KeyDown,3,5,8,12,r,Failed,T,0,NA,NA,NA,NA,NA,NA,NA,NA,
2020-05-19,13:22:34.7168,Continuous,KeyDown,3,5,8,12,w,Failed,T,0,2169232,NA,NA,NA,NA,NA,NA,NA,NA,
2020-05-19,13:22:34.9337,Continuous,KeyDown,3,5,8,12,e,Failed,T,0,2169415,NA,NA,NA,NA,NA,NA,NA,NA,
2020-05-19,13:22:34.9337,Continuous,Sequence Failed,3,5,8,12,NA,NA,NA,NA,0,4338647,NA,NA,NA,NA,NA,NA,NA,
2020-05-19,13:22:35.1845,Continuous,KeyDown,3,5,8,12,t,Correct,T,0,NA,NA,NA,NA,NA,NA,NA,NA,
2020-05-19,13:22:35.3517,Continuous,KeyDown,3,5,8,12,r,Correct,R,0,166314,NA,NA,NA,NA,NA,NA,NA,NA,
2020-05-19,13:22:35.5515,Continuous,KeyDown,3,5,8,12,w,Correct,W,0,2009606,NA,NA,NA,NA,NA,NA,NA,NA,
2020-05-19,13:22:35.7692,Continuous,KeyDown,3,5,8,12,e,Correct,E,0,2164679,NA,NA,NA,NA,NA,NA,NA,NA,
2020-05-19,13:22:35.7692,Continuous,Sequence Success,3,5,8,12,NA,NA,NA,NA,0,5837424,NA,NA,NA,NA,NA,NA,NA,
2020-05-19,13:22:36.0186,Continuous,KeyDown,3,5,8,12,t,Correct,T,0,NA,NA,NA,NA,NA,NA,NA,NA,
2020-05-19,13:22:36.1853,Continuous,KeyDown,3,5,8,12,r,Correct,R,0,1670692,NA,NA,NA,NA,NA,NA,NA,NA,
2020-05-19,13:22:36.3860,Continuous,KeyDown,3,5,8,12,w,Correct,W,0,2007266,NA,NA,NA,NA,NA,NA,NA,NA,
2020-05-19,13:22:36.6197,Continuous,KeyDown,3,5,8,12,e,Correct,E,0,2330271,NA,NA,NA,NA,NA,NA,NA,NA,
2020-05-19,13:22:36.6197,Continuous,Sequence Success,3,5,8,12,NA,NA,NA,NA,0,6008229,NA,NA,NA,NA,NA,NA,NA,
2020-05-19,13:22:36.8698,Continuous,KeyDown,3,5,8,12,t,Correct,T,0,NA,NA,NA,NA,NA,NA,NA,NA,
2020-05-19,13:22:37.0364,Continuous,KeyDown,3,5,8,12,r,Correct,R,0,1669379,NA,NA,NA,NA,NA,NA,NA,NA,
2020-05-19,13:22:37.2367,Continuous,KeyDown,3,5,8,12,w,Correct,W,0,19987,NA,NA,NA,NA,NA,NA,NA,NA,
2020-05-19,13:22:37.4527,Continuous,KeyDown,3,5,8,12,e,Correct,E,0,2171496,NA,NA,NA,NA,NA,NA,NA,NA,
2020-05-19,13:22:37.4527,Continuous,Sequence Success,3,5,8,12,NA,NA,NA,NA,0,5839576,NA,NA,NA,NA,NA,NA,NA,
2020-05-19,13:22:37.7203,Continuous,KeyDown,3,5,8,12,t,Correct,T,0,NA,NA,NA,NA,NA,NA,NA,NA,
2020-05-19,13:22:37.9034,Continuous,KeyDown,3,5,8,12,r,Correct,R,0,1838344,NA,NA,NA,NA,NA,NA,NA,NA,
2020-05-19,13:22:38.1047,Continuous,KeyDown,3,5,8,12,w,Correct,W,0,2001854,NA,NA,NA,NA,NA,NA,NA,NA,
2020-05-19,13:22:38.3046,Continuous,KeyDown,3,5,8,12,e,Correct,E,0,2004359,NA,NA,NA,NA,NA,NA,NA,NA,
2020-05-19,13:22:38.3046,Continuous,Sequence Success,3,5,8,12,NA,NA,NA,NA,0,5844557,NA,NA,NA,NA,NA,NA,NA,
2020-05-19,13:22:38.6217,Continuous,KeyDown,3,5,8,12,t,Correct,T,0,NA,NA,NA,NA,NA,NA,NA,NA,
2020-05-19,13:22:38.7882,Continuous,KeyDown,3,5,8,12,r,Correct,R,0,1669296,NA,NA,NA,NA,NA,NA,NA,NA,
2020-05-19,13:22:39.0223,Continuous,KeyDown,3,5,8,12,w,Correct,W,0,2334648,NA,NA,NA,NA,NA,NA,NA,NA,
2020-05-19,13:22:39.2561,Continuous,KeyDown,3,5,8,12,e,Correct,E,0,2337521,NA,NA,NA,NA,NA,NA,NA,NA,
2020-05-19,13:22:39.2561,Continuous,Sequence Success,3,5,8,12,NA,NA,NA,NA,0,6341465,NA,NA,NA,NA,NA,NA,NA,
2020-05-19,13:22:39.4890,Continuous,KeyDown,3,5,8,12,t,Correct,T,0,NA,NA,NA,NA,NA,NA,NA,NA,
2020-05-19,13:22:39.7232,Continuous,KeyDown,3,5,8,12,r,Correct,R,0,2334883,NA,NA,NA,NA,NA,NA,NA,NA,
2020-05-19,13:22:39.9062,Continuous,KeyDown,3,5,8,12,w,Correct,W,0,183322,NA,NA,NA,NA,NA,NA,NA,NA,
2020-05-19,13:22:40.0898,Continuous,KeyDown,3,5,8,12,w,Failed,E,0,183654,NA,NA,NA,NA,NA,NA,NA,NA,
2020-05-19,13:22:40.0898,Continuous,Sequence Failed,3,5,8,12,NA,NA,NA,NA,0,6004643,NA,NA,NA,NA,NA,NA,NA,
2020-05-19,13:22:40.2901,Continuous,KeyDown,3,5,8,12,e,Failed,T,0,NA,NA,NA,NA,NA,NA,NA,NA,
2020-05-19,13:22:40.5402,Continuous,KeyDown,3,5,8,12,t,Correct,T,0,NA,NA,NA,NA,NA,NA,NA,NA,
2020-05-19,13:22:40.7900,Continuous,Sequence Failed,3,5,8,12,NA,NA,NA,NA,0,2504614,NA,NA,NA,NA,NA,NA,NA,
2020-05-19,13:22:40.7910,Continuous,InputWindowOver,3,5,8,12,NA,NA,NA,NA,NA,5,3,1,8,Fish Escaped,NA,NA,
2020-05-19,13:23:04.3667,Continuous,KeyDown,3,4,8,13,e,Failed,T,0,NA,NA,NA,NA,NA,NA,NA,NA,
2020-05-19,13:23:04.6171,Continuous,KeyDown,3,4,8,13,t,Correct,T,0,NA,NA,NA,NA,NA,NA,NA,NA,
2020-05-19,13:23:04.7833,Continuous,KeyDown,3,4,8,13,r,Correct,R,0,1668072,NA,NA,NA,NA,NA,NA,NA,NA,
2020-05-19,13:23:04.9843,Continuous,KeyDown,3,4,8,13,w,Correct,W,0,2008145,NA,NA,NA,NA,NA,NA,NA,NA,
2020-05-19,13:23:05.1846,Continuous,KeyDown,3,4,8,13,e,Correct,E,0,1999995,NA,NA,NA,NA,NA,NA,NA,NA,
2020-05-19,13:23:05.1846,Continuous,Sequence Success,3,4,8,13,NA,NA,NA,NA,0,5676212,NA,NA,NA,NA,NA,NA,NA,
2020-05-19,13:23:05.4512,Continuous,KeyDown,3,4,8,13,t,Correct,T,0,NA,NA,NA,NA,NA,NA,NA,NA,
2020-05-19,13:23:05.6180,Continuous,KeyDown,3,4,8,13,r,Correct,R,0,1669441,NA,NA,NA,NA,NA,NA,NA,NA,
2020-05-19,13:23:05.8016,Continuous,KeyDown,3,4,8,13,w,Correct,W,0,1832218,NA,NA,NA,NA,NA,NA,NA,NA,
2020-05-19,13:23:06.0022,Continuous,KeyDown,3,4,8,13,e,Correct,E,0,1997817,NA,NA,NA,NA,NA,NA,NA,NA,
2020-05-19,13:23:06.0022,Continuous,Sequence Success,3,4,8,13,NA,NA,NA,NA,0,5499476,NA,NA,NA,NA,NA,NA,NA,
2020-05-19,13:23:06.3188,Continuous,KeyDown,3,4,8,13,t,Correct,T,0,NA,NA,NA,NA,NA,NA,NA,NA,
2020-05-19,13:23:06.4859,Continuous,KeyDown,3,4,8,13,r,Correct,R,0,1666175,NA,NA,NA,NA,NA,NA,NA,NA,
2020-05-19,13:23:06.6851,Continuous,KeyDown,3,4,8,13,w,Correct,W,0,2003839,NA,NA,NA,NA,NA,NA,NA,NA,
2020-05-19,13:23:06.8695,Continuous,KeyDown,3,4,8,13,e,Correct,E,0,1833589,NA,NA,NA,NA,NA,NA,NA,NA,
2020-05-19,13:23:06.8695,Continuous,Sequence Success,3,4,8,13,NA,NA,NA,NA,0,5503603,NA,NA,NA,NA,NA,NA,NA,
2020-05-19,13:23:07.1528,Continuous,KeyDown,3,4,8,13,t,Correct,T,0,NA,NA,NA,NA,NA,NA,NA,NA,
2020-05-19,13:23:07.3203,Continuous,KeyDown,3,4,8,13,r,Correct,R,0,1670829,NA,NA,NA,NA,NA,NA,NA,NA,
2020-05-19,13:23:07.5030,Continuous,KeyDown,3,4,8,13,w,Correct,W,0,1836022,NA,NA,NA,NA,NA,NA,NA,NA,
2020-05-19,13:23:07.6872,Continuous,KeyDown,3,4,8,13,e,Correct,E,0,1832446,NA,NA,NA,NA,NA,NA,NA,NA,
2020-05-19,13:23:07.6872,Continuous,Sequence Success,3,4,8,13,NA,NA,NA,NA,0,5339297,NA,NA,NA,NA,NA,NA,NA,
2020-05-19,13:23:07.9530,Continuous,KeyDown,3,4,8,13,t,Correct,T,0,NA,NA,NA,NA,NA,NA,NA,NA,
2020-05-19,13:23:08.1209,Continuous,KeyDown,3,4,8,13,r,Correct,R,0,1666994,NA,NA,NA,NA,NA,NA,NA,NA,
2020-05-19,13:23:08.3204,Continuous,KeyDown,3,4,8,13,w,Correct,W,0,2002767,NA,NA,NA,NA,NA,NA,NA,NA,
2020-05-19,13:23:08.5210,Continuous,KeyDown,3,4,8,13,e,Correct,E,0,2005213,NA,NA,NA,NA,NA,NA,NA,NA,
2020-05-19,13:23:08.5210,Continuous,Sequence Success,3,4,8,13,NA,NA,NA,NA,0,5674974,NA,NA,NA,NA,NA,NA,NA,
2020-05-19,13:23:08.7878,Continuous,KeyDown,3,4,8,13,t,Correct,T,0,NA,NA,NA,NA,NA,NA,NA,NA,
2020-05-19,13:23:08.9718,Continuous,KeyDown,3,4,8,13,r,Correct,R,0,183116,NA,NA,NA,NA,NA,NA,NA,NA,
2020-05-19,13:23:09.1718,Continuous,KeyDown,3,4,8,13,w,Correct,W,0,2004781,NA,NA,NA,NA,NA,NA,NA,NA,
2020-05-19,13:23:09.3713,Continuous,KeyDown,3,4,8,13,e,Correct,E,0,200041,NA,NA,NA,NA,NA,NA,NA,NA,
2020-05-19,13:23:09.3723,Continuous,Sequence Success,3,4,8,13,NA,NA,NA,NA,0,5836351,NA,NA,NA,NA,NA,NA,NA,
2020-05-19,13:23:09.6396,Continuous,KeyDown,3,4,8,13,t,Correct,T,0,NA,NA,NA,NA,NA,NA,NA,NA,
2020-05-19,13:23:09.8394,Continuous,KeyDown,3,4,8,13,r,Correct,R,0,2002776,NA,NA,NA,NA,NA,NA,NA,NA,
2020-05-19,13:23:10.0228,Continuous,KeyDown,3,4,8,13,w,Correct,W,0,1839033,NA,NA,NA,NA,NA,NA,NA,NA,
2020-05-19,13:23:10.2568,Continuous,KeyDown,3,4,8,13,e,Correct,E,0,2336184,NA,NA,NA,NA,NA,NA,NA,NA,
2020-05-19,13:23:10.2568,Continuous,Sequence Success,3,4,8,13,NA,NA,NA,NA,0,6177993,NA,NA,NA,NA,NA,NA,NA,
2020-05-19,13:23:10.5067,Continuous,InputWindowOver,3,4,9,13,NA,NA,NA,NA,NA,7,0,3,7,Got Fish,NA,NA,
2020-05-19,13:23:32.3977,Continuous,KeyDown,3,5,9,14,r,Failed,T,0,NA,NA,NA,NA,NA,NA,NA,NA,
2020-05-19,13:23:32.5978,Continuous,KeyDown,3,5,9,14,w,Failed,T,0,2007311,NA,NA,NA,NA,NA,NA,NA,NA,
2020-05-19,13:23:32.7814,Continuous,KeyDown,3,5,9,14,e,Failed,T,0,1830045,NA,NA,NA,NA,NA,NA,NA,NA,
2020-05-19,13:23:32.7814,Continuous,Sequence Failed,3,5,9,14,NA,NA,NA,NA,0,3837356,NA,NA,NA,NA,NA,NA,NA,
2020-05-19,13:23:33.0655,Continuous,KeyDown,3,5,9,14,t,Correct,T,0,NA,NA,NA,NA,NA,NA,NA,NA,
2020-05-19,13:23:33.2148,Continuous,KeyDown,3,5,9,14,r,Correct,R,0,1503278,NA,NA,NA,NA,NA,NA,NA,NA,
2020-05-19,13:23:33.4148,Continuous,KeyDown,3,5,9,14,w,Correct,W,0,2003106,NA,NA,NA,NA,NA,NA,NA,NA,
2020-05-19,13:23:33.6489,Continuous,KeyDown,3,5,9,14,e,Correct,E,0,2333738,NA,NA,NA,NA,NA,NA,NA,NA,
2020-05-19,13:23:33.6489,Continuous,Sequence Success,3,5,9,14,NA,NA,NA,NA,0,5840122,NA,NA,NA,NA,NA,NA,NA,
2020-05-19,13:23:33.9164,Continuous,KeyDown,3,5,9,14,t,Correct,T,0,NA,NA,NA,NA,NA,NA,NA,NA,
2020-05-19,13:23:34.0825,Continuous,KeyDown,3,5,9,14,r,Correct,R,0,1665427,NA,NA,NA,NA,NA,NA,NA,NA,
2020-05-19,13:23:34.4831,Continuous,KeyDown,3,5,9,14,w,Correct,W,0,4005493,NA,NA,NA,NA,NA,NA,NA,NA,
2020-05-19,13:23:34.6668,Continuous,KeyDown,3,5,9,14,e,Correct,E,0,1832058,NA,NA,NA,NA,NA,NA,NA,NA,
2020-05-19,13:23:34.6668,Continuous,Sequence Success,3,5,9,14,NA,NA,NA,NA,0,7502978,NA,NA,NA,NA,NA,NA,NA,
2020-05-19,13:23:35.0171,Continuous,KeyDown,3,5,9,14,t,Correct,T,0,NA,NA,NA,NA,NA,NA,NA,NA,
2020-05-19,13:23:35.1677,Continuous,KeyDown,3,5,9,14,r,Correct,R,0,1494431,NA,NA,NA,NA,NA,NA,NA,NA,
2020-05-19,13:23:35.4011,Continuous,KeyDown,3,5,9,14,w,Correct,W,0,2335208,NA,NA,NA,NA,NA,NA,NA,NA,
2020-05-19,13:23:35.6181,Continuous,KeyDown,3,5,9,14,e,Correct,E,0,2171649,NA,NA,NA,NA,NA,NA,NA,NA,
2020-05-19,13:23:35.6181,Continuous,Sequence Success,3,5,9,14,NA,NA,NA,NA,0,6001288,NA,NA,NA,NA,NA,NA,NA,
2020-05-19,13:23:35.9021,Continuous,KeyDown,3,5,9,14,t,Correct,T,0,NA,NA,NA,NA,NA,NA,NA,NA,
2020-05-19,13:23:36.0513,Continuous,KeyDown,3,5,9,14,r,Correct,R,0,1502067,NA,NA,NA,NA,NA,NA,NA,NA,
2020-05-19,13:23:36.3184,Continuous,KeyDown,3,5,9,14,w,Correct,W,0,2671977,NA,NA,NA,NA,NA,NA,NA,NA,
2020-05-19,13:23:36.5355,Continuous,KeyDown,3,5,9,14,e,Correct,E,0,2168151,NA,NA,NA,NA,NA,NA,NA,NA,
2020-05-19,13:23:36.5355,Continuous,Sequence Success,3,5,9,14,NA,NA,NA,NA,0,6342195,NA,NA,NA,NA,NA,NA,NA,
2020-05-19,13:23:36.8020,Continuous,KeyDown,3,5,9,14,t,Correct,T,0,NA,NA,NA,NA,NA,NA,NA,NA,
2020-05-19,13:23:36.9692,Continuous,KeyDown,3,5,9,14,r,Correct,R,0,1664846,NA,NA,NA,NA,NA,NA,NA,NA,
2020-05-19,13:23:37.2195,Continuous,KeyDown,3,5,9,14,w,Correct,W,0,2503433,NA,NA,NA,NA,NA,NA,NA,NA,
2020-05-19,13:23:37.4366,Continuous,KeyDown,3,5,9,14,e,Correct,E,0,2169718,NA,NA,NA,NA,NA,NA,NA,NA,
2020-05-19,13:23:37.4366,Continuous,Sequence Success,3,5,9,14,NA,NA,NA,NA,0,6337997,NA,NA,NA,NA,NA,NA,NA,
2020-05-19,13:23:37.8204,Continuous,KeyDown,3,5,9,14,t,Correct,T,0,NA,NA,NA,NA,NA,NA,NA,NA,
2020-05-19,13:23:37.9700,Continuous,KeyDown,3,5,9,14,r,Correct,R,0,1503084,NA,NA,NA,NA,NA,NA,NA,NA,
2020-05-19,13:23:38.2203,Continuous,KeyDown,3,5,9,14,w,Correct,W,0,2502268,NA,NA,NA,NA,NA,NA,NA,NA,
2020-05-19,13:23:38.4538,Continuous,KeyDown,3,5,9,14,e,Correct,E,0,2334926,NA,NA,NA,NA,NA,NA,NA,NA,
2020-05-19,13:23:38.4538,Continuous,Sequence Success,3,5,9,14,NA,NA,NA,NA,0,6340278,NA,NA,NA,NA,NA,NA,NA,
2020-05-19,13:23:38.5378,Continuous,InputWindowOver,3,5,10,14,NA,NA,NA,NA,NA,6,1,4,7,Got Fish,NA,NA,
2020-05-19,13:23:58.0924,Continuous,KeyDown,3,5,10,15,t,Correct,T,0,NA,NA,NA,NA,NA,NA,NA,NA,
2020-05-19,13:23:58.2432,Continuous,KeyDown,3,5,10,15,r,Correct,R,0,1494272,NA,NA,NA,NA,NA,NA,NA,NA,
2020-05-19,13:23:58.4428,Continuous,KeyDown,3,5,10,15,w,Correct,W,0,2009162,NA,NA,NA,NA,NA,NA,NA,NA,
2020-05-19,13:23:58.6427,Continuous,KeyDown,3,5,10,15,e,Correct,E,0,1996064,NA,NA,NA,NA,NA,NA,NA,NA,
2020-05-19,13:23:58.6427,Continuous,Sequence Success,3,5,10,15,NA,NA,NA,NA,0,5499498,NA,NA,NA,NA,NA,NA,NA,
2020-05-19,13:23:58.9101,Continuous,KeyDown,3,5,10,15,t,Correct,T,0,NA,NA,NA,NA,NA,NA,NA,NA,
2020-05-19,13:23:59.0931,Continuous,KeyDown,3,5,10,15,r,Correct,R,0,1837913,NA,NA,NA,NA,NA,NA,NA,NA,
2020-05-19,13:23:59.1771,Continuous,KeyDown,3,5,10,15,w,Correct,W,0,08314601,NA,NA,NA,NA,NA,NA,NA,NA,
2020-05-19,13:23:59.3267,Continuous,KeyDown,3,5,10,15,e,Correct,E,0,1502075,NA,NA,NA,NA,NA,NA,NA,NA,
2020-05-19,13:23:59.3277,Continuous,Sequence Success,3,5,10,15,NA,NA,NA,NA,0,4171448,NA,NA,NA,NA,NA,NA,NA,
2020-05-19,13:23:59.4274,Continuous,KeyDown,3,5,10,15,r,Failed,T,0,NA,NA,NA,NA,NA,NA,NA,NA,
2020-05-19,13:23:59.5441,Continuous,KeyDown,3,5,10,15,w,Failed,T,0,1167583,NA,NA,NA,NA,NA,NA,NA,NA,
2020-05-19,13:23:59.6780,Continuous,KeyDown,3,5,10,15,t,Correct,T,0,1334114,NA,NA,NA,NA,NA,NA,NA,NA,
2020-05-19,13:23:59.8280,Continuous,KeyDown,3,5,10,15,r,Correct,R,0,1505508,NA,NA,NA,NA,NA,NA,NA,NA,
2020-05-19,13:24:00.0117,Continuous,KeyDown,3,5,10,15,w,Correct,W,0,183371,NA,NA,NA,NA,NA,NA,NA,NA,
2020-05-19,13:24:00.2114,Continuous,KeyDown,3,5,10,15,e,Correct,E,0,200256,NA,NA,NA,NA,NA,NA,NA,NA,
2020-05-19,13:24:00.2114,Continuous,Sequence Success,3,5,10,15,NA,NA,NA,NA,0,7843475,NA,NA,NA,NA,NA,NA,NA,
2020-05-19,13:24:00.5116,Continuous,KeyDown,3,5,10,15,t,Correct,T,0,NA,NA,NA,NA,NA,NA,NA,NA,
2020-05-19,13:24:00.7288,Continuous,KeyDown,3,5,10,15,r,Correct,R,0,217441,NA,NA,NA,NA,NA,NA,NA,NA,
2020-05-19,13:24:00.8957,Continuous,KeyDown,3,5,10,15,w,Correct,W,0,1665196,NA,NA,NA,NA,NA,NA,NA,NA,
2020-05-19,13:24:01.0452,Continuous,KeyDown,3,5,10,15,r,Failed,E,0,1500419,NA,NA,NA,NA,NA,NA,NA,NA,
2020-05-19,13:24:01.0452,Continuous,Sequence Failed,3,5,10,15,NA,NA,NA,NA,0,5340024,NA,NA,NA,NA,NA,NA,NA,
2020-05-19,13:24:01.1121,Continuous,KeyDown,3,5,10,15,t,Correct,T,0,NA,NA,NA,NA,NA,NA,NA,NA,
2020-05-19,13:24:01.2792,Continuous,KeyDown,3,5,10,15,w,Failed,R,0,16704,NA,NA,NA,NA,NA,NA,NA,NA,
2020-05-19,13:24:01.2792,Continuous,Sequence Failed,3,5,10,15,NA,NA,NA,NA,0,16704,NA,NA,NA,NA,NA,NA,NA,
2020-05-19,13:24:01.4123,Continuous,KeyDown,3,5,10,15,r,Failed,T,0,NA,NA,NA,NA,NA,NA,NA,NA,
2020-05-19,13:24:01.6970,Continuous,KeyDown,3,5,10,15,w,Failed,T,0,284,NA,NA,NA,NA,NA,NA,NA,NA,
2020-05-19,13:24:01.7628,Continuous,KeyDown,3,5,10,15,e,Failed,T,0,06659353,NA,NA,NA,NA,NA,NA,NA,NA,
2020-05-19,13:24:01.7628,Continuous,Sequence Failed,3,5,10,15,NA,NA,NA,NA,0,3505935,NA,NA,NA,NA,NA,NA,NA,
2020-05-19,13:24:01.9630,Continuous,KeyDown,3,5,10,15,e,Failed,T,0,NA,NA,NA,NA,NA,NA,NA,NA,
2020-05-19,13:24:02.0470,Continuous,KeyDown,3,5,10,15,t,Correct,T,0,NA,NA,NA,NA,NA,NA,NA,NA,
2020-05-19,13:24:02.1638,Continuous,KeyDown,3,5,10,15,w,Failed,R,0,1171362,NA,NA,NA,NA,NA,NA,NA,NA,
2020-05-19,13:24:02.1638,Continuous,Sequence Failed,3,5,10,15,NA,NA,NA,NA,0,1171362,NA,NA,NA,NA,NA,NA,NA,
2020-05-19,13:24:02.2636,Continuous,KeyDown,3,5,10,15,r,Failed,T,0,NA,NA,NA,NA,NA,NA,NA,NA,
2020-05-19,13:24:02.3307,Continuous,KeyDown,3,5,10,15,t,Correct,T,0,NA,NA,NA,NA,NA,NA,NA,NA,
2020-05-19,13:24:02.5810,Continuous,KeyDown,3,5,10,15,r,Correct,R,0,2500442,NA,NA,NA,NA,NA,NA,NA,NA,
2020-05-19,13:24:02.7638,Continuous,KeyDown,3,5,10,15,w,Correct,W,0,1832092,NA,NA,NA,NA,NA,NA,NA,NA,
2020-05-19,13:24:02.9317,Continuous,KeyDown,3,5,10,15,r,Failed,E,0,1673572,NA,NA,NA,NA,NA,NA,NA,NA,
2020-05-19,13:24:02.9317,Continuous,Sequence Failed,3,5,10,15,NA,NA,NA,NA,0,6006106,NA,NA,NA,NA,NA,NA,NA,
2020-05-19,13:24:03.0147,Continuous,KeyDown,3,5,10,15,t,Correct,T,0,NA,NA,NA,NA,NA,NA,NA,NA,
2020-05-19,13:24:03.4820,Continuous,KeyDown,3,5,10,15,w,Failed,R,0,4671697,NA,NA,NA,NA,NA,NA,NA,NA,
2020-05-19,13:24:03.4820,Continuous,Sequence Failed,3,5,10,15,NA,NA,NA,NA,0,4671697,NA,NA,NA,NA,NA,NA,NA,
2020-05-19,13:24:03.5650,Continuous,KeyDown,3,5,10,15,r,Failed,T,0,NA,NA,NA,NA,NA,NA,NA,NA,
2020-05-19,13:24:03.6661,Continuous,KeyDown,3,5,10,15,t,Correct,T,0,NA,NA,NA,NA,NA,NA,NA,NA,
2020-05-19,13:24:03.9489,Continuous,KeyDown,3,5,10,15,r,Correct,R,0,2833609,NA,NA,NA,NA,NA,NA,NA,NA,
2020-05-19,13:24:04.1995,Continuous,Sequence Failed,3,5,10,15,NA,NA,NA,NA,0,5336989,NA,NA,NA,NA,NA,NA,NA,
2020-05-19,13:24:04.1995,Continuous,InputWindowOver,3,5,10,15,NA,NA,NA,NA,NA,3,7,1,10,Fish Escaped,NA,NA,
2020-05-19,13:24:24.8727,Continuous,KeyDown,3,5,10,16,e,Failed,T,0,NA,NA,NA,NA,NA,NA,NA,NA,
2020-05-19,13:24:25.1394,Continuous,KeyDown,3,5,10,16,t,Correct,T,0,NA,NA,NA,NA,NA,NA,NA,NA,
2020-05-19,13:24:25.3056,Continuous,KeyDown,3,5,10,16,r,Correct,R,0,1674449,NA,NA,NA,NA,NA,NA,NA,NA,
2020-05-19,13:24:25.5394,Continuous,KeyDown,3,5,10,16,w,Correct,W,0,2334583,NA,NA,NA,NA,NA,NA,NA,NA,
2020-05-19,13:24:25.7232,Continuous,KeyDown,3,5,10,16,e,Correct,E,0,1830917,NA,NA,NA,NA,NA,NA,NA,NA,
2020-05-19,13:24:25.7232,Continuous,Sequence Success,3,5,10,16,NA,NA,NA,NA,0,5839949,NA,NA,NA,NA,NA,NA,NA,
2020-05-19,13:24:26.0070,Continuous,KeyDown,3,5,10,16,t,Correct,T,0,NA,NA,NA,NA,NA,NA,NA,NA,
2020-05-19,13:24:26.1898,Continuous,KeyDown,3,5,10,16,r,Correct,R,0,1835977,NA,NA,NA,NA,NA,NA,NA,NA,
2020-05-19,13:24:26.3736,Continuous,KeyDown,3,5,10,16,w,Correct,W,0,1836136,NA,NA,NA,NA,NA,NA,NA,NA,
2020-05-19,13:24:26.5904,Continuous,KeyDown,3,5,10,16,e,Correct,E,0,21707,NA,NA,NA,NA,NA,NA,NA,NA,
2020-05-19,13:24:26.5904,Continuous,Sequence Success,3,5,10,16,NA,NA,NA,NA,0,5842813,NA,NA,NA,NA,NA,NA,NA,
2020-05-19,13:24:26.8412,Continuous,KeyDown,3,5,10,16,t,Correct,T,0,NA,NA,NA,NA,NA,NA,NA,NA,
2020-05-19,13:24:27.0247,Continuous,KeyDown,3,5,10,16,r,Correct,R,0,1837036,NA,NA,NA,NA,NA,NA,NA,NA,
2020-05-19,13:24:27.2246,Continuous,KeyDown,3,5,10,16,w,Correct,W,0,200486,NA,NA,NA,NA,NA,NA,NA,NA,
2020-05-19,13:24:27.4414,Continuous,KeyDown,3,5,10,16,e,Correct,E,0,2167506,NA,NA,NA,NA,NA,NA,NA,NA,
2020-05-19,13:24:27.4414,Continuous,Sequence Success,3,5,10,16,NA,NA,NA,NA,0,6009402,NA,NA,NA,NA,NA,NA,NA,
2020-05-19,13:24:27.7422,Continuous,KeyDown,3,5,10,16,t,Correct,T,0,NA,NA,NA,NA,NA,NA,NA,NA,
2020-05-19,13:24:27.9585,Continuous,KeyDown,3,5,10,16,r,Correct,R,0,2168724,NA,NA,NA,NA,NA,NA,NA,NA,
2020-05-19,13:24:28.1914,Continuous,KeyDown,3,5,10,16,w,Correct,W,0,2337585,NA,NA,NA,NA,NA,NA,NA,NA,
2020-05-19,13:24:28.4099,Continuous,KeyDown,3,5,10,16,e,Correct,E,0,2167405,NA,NA,NA,NA,NA,NA,NA,NA,
2020-05-19,13:24:28.4099,Continuous,Sequence Success,3,5,10,16,NA,NA,NA,NA,0,6673714,NA,NA,NA,NA,NA,NA,NA,
2020-05-19,13:24:28.7091,Continuous,KeyDown,3,5,10,16,t,Correct,T,0,NA,NA,NA,NA,NA,NA,NA,NA,
2020-05-19,13:24:28.8767,Continuous,KeyDown,3,5,10,16,r,Correct,R,0,1671507,NA,NA,NA,NA,NA,NA,NA,NA,
2020-05-19,13:24:29.0934,Continuous,KeyDown,3,5,10,16,w,Correct,W,0,216871,NA,NA,NA,NA,NA,NA,NA,NA,
2020-05-19,13:24:29.2926,Continuous,KeyDown,3,5,10,16,e,Correct,E,0,2004555,NA,NA,NA,NA,NA,NA,NA,NA,
2020-05-19,13:24:29.2926,Continuous,Sequence Success,3,5,10,16,NA,NA,NA,NA,0,5844772,NA,NA,NA,NA,NA,NA,NA,
2020-05-19,13:24:29.5942,Continuous,KeyDown,3,5,10,16,t,Correct,T,0,NA,NA,NA,NA,NA,NA,NA,NA,
2020-05-19,13:24:29.7932,Continuous,KeyDown,3,5,10,16,r,Correct,R,0,1999798,NA,NA,NA,NA,NA,NA,NA,NA,
2020-05-19,13:24:29.9939,Continuous,KeyDown,3,5,10,16,w,Correct,W,0,2002941,NA,NA,NA,NA,NA,NA,NA,NA,
2020-05-19,13:24:30.2116,Continuous,KeyDown,3,5,10,16,e,Correct,E,0,2166987,NA,NA,NA,NA,NA,NA,NA,NA,
2020-05-19,13:24:30.2116,Continuous,Sequence Success,3,5,10,16,NA,NA,NA,NA,0,6169726,NA,NA,NA,NA,NA,NA,NA,
2020-05-19,13:24:30.4778,Continuous,KeyDown,3,5,10,16,t,Correct,T,0,NA,NA,NA,NA,NA,NA,NA,NA,
2020-05-19,13:24:30.6453,Continuous,KeyDown,3,5,10,16,r,Correct,R,0,1669581,NA,NA,NA,NA,NA,NA,NA,NA,
2020-05-19,13:24:30.8292,Continuous,KeyDown,3,5,10,16,w,Correct,W,0,1835525,NA,NA,NA,NA,NA,NA,NA,NA,
2020-05-19,13:24:31.0123,Continuous,KeyDown,3,5,10,16,e,Correct,E,0,1838533,NA,NA,NA,NA,NA,NA,NA,NA,
2020-05-19,13:24:31.0123,Continuous,Sequence Success,3,5,10,16,NA,NA,NA,NA,0,5343639,NA,NA,NA,NA,NA,NA,NA,
2020-05-19,13:24:31.2789,Continuous,InputWindowOver,3,5,11,16,NA,NA,NA,NA,NA,7,0,4,7,Got Fish,NA,NA,
2020-05-19,13:24:53.5874,Continuous,KeyDown,3,4,11,17,w,Failed,T,0,NA,NA,NA,NA,NA,NA,NA,NA,
2020-05-19,13:24:53.8038,Continuous,KeyDown,3,4,11,17,e,Failed,T,0,2169316,NA,NA,NA,NA,NA,NA,NA,NA,
2020-05-19,13:24:54.0870,Continuous,KeyDown,3,4,11,17,t,Correct,T,0,2839065,NA,NA,NA,NA,NA,NA,NA,NA,
2020-05-19,13:24:54.2205,Continuous,KeyDown,3,4,11,17,r,Correct,R,0,1334745,NA,NA,NA,NA,NA,NA,NA,NA,
2020-05-19,13:24:54.4209,Continuous,KeyDown,3,4,11,17,w,Correct,W,0,2002251,NA,NA,NA,NA,NA,NA,NA,NA,
2020-05-19,13:24:54.6380,Continuous,KeyDown,3,4,11,17,e,Correct,E,0,2167655,NA,NA,NA,NA,NA,NA,NA,NA,
2020-05-19,13:24:54.6380,Continuous,Sequence Success,3,4,11,17,NA,NA,NA,NA,1,051303,NA,NA,NA,NA,NA,NA,NA,
2020-05-19,13:24:54.8883,Continuous,KeyDown,3,4,11,17,t,Correct,T,0,NA,NA,NA,NA,NA,NA,NA,NA,
2020-05-19,13:24:55.0549,Continuous,KeyDown,3,4,11,17,r,Correct,R,0,1668947,NA,NA,NA,NA,NA,NA,NA,NA,
2020-05-19,13:24:55.2553,Continuous,KeyDown,3,4,11,17,w,Correct,W,0,2001565,NA,NA,NA,NA,NA,NA,NA,NA,
2020-05-19,13:24:55.4723,Continuous,KeyDown,3,4,11,17,e,Correct,E,0,216885,NA,NA,NA,NA,NA,NA,NA,NA,
2020-05-19,13:24:55.4723,Continuous,Sequence Success,3,4,11,17,NA,NA,NA,NA,0,5839362,NA,NA,NA,NA,NA,NA,NA,
2020-05-19,13:24:55.7396,Continuous,KeyDown,3,4,11,17,t,Correct,T,0,NA,NA,NA,NA,NA,NA,NA,NA,
2020-05-19,13:24:55.9062,Continuous,KeyDown,3,4,11,17,r,Correct,R,0,166845,NA,NA,NA,NA,NA,NA,NA,NA,
2020-05-19,13:24:56.0898,Continuous,KeyDown,3,4,11,17,w,Correct,W,0,1835932,NA,NA,NA,NA,NA,NA,NA,NA,
2020-05-19,13:24:56.2903,Continuous,KeyDown,3,4,11,17,e,Correct,E,0,2002279,NA,NA,NA,NA,NA,NA,NA,NA,
2020-05-19,13:24:56.2903,Continuous,Sequence Success,3,4,11,17,NA,NA,NA,NA,0,550666,NA,NA,NA,NA,NA,NA,NA,
2020-05-19,13:24:56.5905,Continuous,KeyDown,3,4,11,17,t,Correct,T,0,NA,NA,NA,NA,NA,NA,NA,NA,
2020-05-19,13:24:56.7571,Continuous,KeyDown,3,4,11,17,r,Correct,R,0,1669973,NA,NA,NA,NA,NA,NA,NA,NA,
2020-05-19,13:24:56.9576,Continuous,KeyDown,3,4,11,17,w,Correct,W,0,2000735,NA,NA,NA,NA,NA,NA,NA,NA,
2020-05-19,13:24:57.1740,Continuous,KeyDown,3,4,11,17,e,Correct,E,0,216806,NA,NA,NA,NA,NA,NA,NA,NA,
2020-05-19,13:24:57.1740,Continuous,Sequence Success,3,4,11,17,NA,NA,NA,NA,0,5838768,NA,NA,NA,NA,NA,NA,NA,
2020-05-19,13:24:57.4411,Continuous,KeyDown,3,4,11,17,t,Correct,T,0,NA,NA,NA,NA,NA,NA,NA,NA,
2020-05-19,13:24:57.5913,Continuous,KeyDown,3,4,11,17,r,Correct,R,0,150106,NA,NA,NA,NA,NA,NA,NA,NA,
2020-05-19,13:24:57.7918,Continuous,KeyDown,3,4,11,17,w,Correct,W,0,2003608,NA,NA,NA,NA,NA,NA,NA,NA,
2020-05-19,13:24:58.0255,Continuous,KeyDown,3,4,11,17,e,Correct,E,0,2335959,NA,NA,NA,NA,NA,NA,NA,NA,
2020-05-19,13:24:58.0255,Continuous,Sequence Success,3,4,11,17,NA,NA,NA,NA,0,5840628,NA,NA,NA,NA,NA,NA,NA,
2020-05-19,13:24:58.3087,Continuous,KeyDown,3,4,11,17,t,Correct,T,0,NA,NA,NA,NA,NA,NA,NA,NA,
2020-05-19,13:24:58.5251,Continuous,KeyDown,3,4,11,17,r,Correct,R,0,2168432,NA,NA,NA,NA,NA,NA,NA,NA,
2020-05-19,13:24:58.7426,Continuous,KeyDown,3,4,11,17,w,Correct,W,0,2168333,NA,NA,NA,NA,NA,NA,NA,NA,
2020-05-19,13:24:58.9594,Continuous,KeyDown,3,4,11,17,e,Correct,E,0,2167711,NA,NA,NA,NA,NA,NA,NA,NA,
2020-05-19,13:24:58.9594,Continuous,Sequence Success,3,4,11,17,NA,NA,NA,NA,0,6504476,NA,NA,NA,NA,NA,NA,NA,
2020-05-19,13:24:59.2436,Continuous,KeyDown,3,4,11,17,t,Correct,T,0,NA,NA,NA,NA,NA,NA,NA,NA,
2020-05-19,13:24:59.4266,Continuous,KeyDown,3,4,11,17,r,Correct,R,0,18321,NA,NA,NA,NA,NA,NA,NA,NA,
2020-05-19,13:24:59.6276,Continuous,KeyDown,3,4,11,17,w,Correct,W,0,2002254,NA,NA,NA,NA,NA,NA,NA,NA,
2020-05-19,13:24:59.7103,Continuous,Sequence Failed,3,4,11,17,NA,NA,NA,NA,0,4671424,NA,NA,NA,NA,NA,NA,NA,
2020-05-19,13:24:59.7103,Continuous,InputWindowOver,3,4,11,17,NA,NA,NA,NA,NA,6,1,3,7,Fish Escaped,NA,NA,
2020-05-19,13:25:22.9194,Continuous,KeyDown,3,4,11,18,r,Failed,T,0,NA,NA,NA,NA,NA,NA,NA,NA,
2020-05-19,13:25:23.1360,Continuous,KeyDown,3,4,11,18,w,Failed,T,0,2172136,NA,NA,NA,NA,NA,NA,NA,NA,
2020-05-19,13:25:23.3198,Continuous,KeyDown,3,4,11,18,e,Failed,T,0,1831776,NA,NA,NA,NA,NA,NA,NA,NA,
2020-05-19,13:25:23.3198,Continuous,Sequence Failed,3,4,11,18,NA,NA,NA,NA,0,4003912,NA,NA,NA,NA,NA,NA,NA,
2020-05-19,13:25:23.5865,Continuous,KeyDown,3,4,11,18,t,Correct,T,0,NA,NA,NA,NA,NA,NA,NA,NA,
2020-05-19,13:25:23.7361,Continuous,KeyDown,3,4,11,18,r,Correct,R,0,1502087,NA,NA,NA,NA,NA,NA,NA,NA,
2020-05-19,13:25:23.9539,Continuous,KeyDown,3,4,11,18,w,Correct,W,0,2166912,NA,NA,NA,NA,NA,NA,NA,NA,
2020-05-19,13:25:24.1541,Continuous,KeyDown,3,4,11,18,e,Correct,E,0,2005434,NA,NA,NA,NA,NA,NA,NA,NA,
2020-05-19,13:25:24.1541,Continuous,Sequence Success,3,4,11,18,NA,NA,NA,NA,0,5674433,NA,NA,NA,NA,NA,NA,NA,
2020-05-19,13:25:24.4373,Continuous,KeyDown,3,4,11,18,t,Correct,T,0,NA,NA,NA,NA,NA,NA,NA,NA,
2020-05-19,13:25:24.6045,Continuous,KeyDown,3,4,11,18,r,Correct,R,0,1665684,NA,NA,NA,NA,NA,NA,NA,NA,
2020-05-19,13:25:24.8217,Continuous,KeyDown,3,4,11,18,w,Correct,W,0,2172922,NA,NA,NA,NA,NA,NA,NA,NA,
2020-05-19,13:25:25.0047,Continuous,KeyDown,3,4,11,18,e,Correct,E,0,1832325,NA,NA,NA,NA,NA,NA,NA,NA,
2020-05-19,13:25:25.0047,Continuous,Sequence Success,3,4,11,18,NA,NA,NA,NA,0,5670931,NA,NA,NA,NA,NA,NA,NA,
2020-05-19,13:25:25.2718,Continuous,KeyDown,3,4,11,18,t,Correct,T,0,NA,NA,NA,NA,NA,NA,NA,NA,
2020-05-19,13:25:25.4217,Continuous,KeyDown,3,4,11,18,r,Correct,R,0,1502979,NA,NA,NA,NA,NA,NA,NA,NA,
2020-05-19,13:25:25.5715,Continuous,KeyDown,3,4,11,18,w,Correct,W,0,1499275,NA,NA,NA,NA,NA,NA,NA,NA,
2020-05-19,13:25:25.7564,Continuous,KeyDown,3,4,11,18,e,Correct,E,0,1838432,NA,NA,NA,NA,NA,NA,NA,NA,
2020-05-19,13:25:25.7564,Continuous,Sequence Success,3,4,11,18,NA,NA,NA,NA,0,4840686,NA,NA,NA,NA,NA,NA,NA,
2020-05-19,13:25:26.0400,Continuous,KeyDown,3,4,11,18,t,Correct,T,0,NA,NA,NA,NA,NA,NA,NA,NA,
2020-05-19,13:25:26.1898,Continuous,KeyDown,3,4,11,18,r,Correct,R,0,1502648,NA,NA,NA,NA,NA,NA,NA,NA,
2020-05-19,13:25:26.3727,Continuous,KeyDown,3,4,11,18,w,Correct,W,0,1830867,NA,NA,NA,NA,NA,NA,NA,NA,
2020-05-19,13:25:26.5726,Continuous,KeyDown,3,4,11,18,e,Correct,E,0,2004047,NA,NA,NA,NA,NA,NA,NA,NA,
2020-05-19,13:25:26.5726,Continuous,Sequence Success,3,4,11,18,NA,NA,NA,NA,0,5337563,NA,NA,NA,NA,NA,NA,NA,
2020-05-19,13:25:26.8232,Continuous,KeyDown,3,4,11,18,t,Correct,T,0,NA,NA,NA,NA,NA,NA,NA,NA,
2020-05-19,13:25:26.9901,Continuous,KeyDown,3,4,11,18,r,Correct,R,0,1668839,NA,NA,NA,NA,NA,NA,NA,NA,
2020-05-19,13:25:27.1906,Continuous,KeyDown,3,4,11,18,w,Correct,W,0,2002262,NA,NA,NA,NA,NA,NA,NA,NA,
2020-05-19,13:25:27.3247,Continuous,KeyDown,3,4,11,18,e,Correct,E,0,1339336,NA,NA,NA,NA,NA,NA,NA,NA,
2020-05-19,13:25:27.3247,Continuous,Sequence Success,3,4,11,18,NA,NA,NA,NA,0,5010437,NA,NA,NA,NA,NA,NA,NA,
2020-05-19,13:25:27.6748,Continuous,KeyDown,3,4,11,18,t,Correct,T,0,NA,NA,NA,NA,NA,NA,NA,NA,
2020-05-19,13:25:27.8583,Continuous,KeyDown,3,4,11,18,r,Correct,R,0,1833565,NA,NA,NA,NA,NA,NA,NA,NA,
2020-05-19,13:25:28.0422,Continuous,KeyDown,3,4,11,18,w,Correct,W,0,183603,NA,NA,NA,NA,NA,NA,NA,NA,
2020-05-19,13:25:28.2920,Continuous,KeyDown,3,4,11,18,r,Failed,E,0,2504335,NA,NA,NA,NA,NA,NA,NA,NA,
2020-05-19,13:25:28.2920,Continuous,Sequence Failed,3,4,11,18,NA,NA,NA,NA,0,617393,NA,NA,NA,NA,NA,NA,NA,
2020-05-19,13:25:28.5759,Continuous,KeyDown,3,4,11,18,t,Correct,T,0,NA,NA,NA,NA,NA,NA,NA,NA,
2020-05-19,13:25:28.8097,Continuous,KeyDown,3,4,11,18,w,Failed,R,0,2334879,NA,NA,NA,NA,NA,NA,NA,NA,
2020-05-19,13:25:28.8097,Continuous,Sequence Failed,3,4,11,18,NA,NA,NA,NA,0,2334879,NA,NA,NA,NA,NA,NA,NA,
2020-05-19,13:25:29.0591,Continuous,InputWindowOver,3,4,11,18,NA,NA,NA,NA,NA,5,3,5,8,Fish Escaped,NA,NA,
2020-05-19,13:25:52.0852,Continuous,KeyDown,3,4,11,19,t,Correct,T,0,NA,NA,NA,NA,NA,NA,NA,NA,
2020-05-19,13:25:52.2517,Continuous,KeyDown,3,4,11,19,r,Correct,R,0,1668397,NA,NA,NA,NA,NA,NA,NA,NA,
2020-05-19,13:25:52.4359,Continuous,KeyDown,3,4,11,19,w,Correct,W,0,1834568,NA,NA,NA,NA,NA,NA,NA,NA,
2020-05-19,13:25:52.6191,Continuous,KeyDown,3,4,11,19,e,Correct,E,0,1839343,NA,NA,NA,NA,NA,NA,NA,NA,
2020-05-19,13:25:52.6191,Continuous,Sequence Success,3,4,11,19,NA,NA,NA,NA,0,5342308,NA,NA,NA,NA,NA,NA,NA,
2020-05-19,13:25:52.9023,Continuous,KeyDown,3,4,11,19,t,Correct,T,0,NA,NA,NA,NA,NA,NA,NA,NA,
2020-05-19,13:25:53.0693,Continuous,KeyDown,3,4,11,19,r,Correct,R,0,1669965,NA,NA,NA,NA,NA,NA,NA,NA,
2020-05-19,13:25:53.2689,Continuous,KeyDown,3,4,11,19,w,Correct,W,0,2001669,NA,NA,NA,NA,NA,NA,NA,NA,
2020-05-19,13:25:53.4696,Continuous,KeyDown,3,4,11,19,e,Correct,E,0,200055,NA,NA,NA,NA,NA,NA,NA,NA,
2020-05-19,13:25:53.4696,Continuous,Sequence Success,3,4,11,19,NA,NA,NA,NA,0,5672184,NA,NA,NA,NA,NA,NA,NA,
2020-05-19,13:25:53.7361,Continuous,KeyDown,3,4,11,19,t,Correct,T,0,NA,NA,NA,NA,NA,NA,NA,NA,
2020-05-19,13:25:53.9366,Continuous,KeyDown,3,4,11,19,r,Correct,R,0,2005859,NA,NA,NA,NA,NA,NA,NA,NA,
2020-05-19,13:25:54.1208,Continuous,KeyDown,3,4,11,19,w,Correct,W,0,18339,NA,NA,NA,NA,NA,NA,NA,NA,
2020-05-19,13:25:54.3034,Continuous,KeyDown,3,4,11,19,e,Correct,E,0,1835681,NA,NA,NA,NA,NA,NA,NA,NA,
2020-05-19,13:25:54.3034,Continuous,Sequence Success,3,4,11,19,NA,NA,NA,NA,0,567544,NA,NA,NA,NA,NA,NA,NA,
2020-05-19,13:25:54.5708,Continuous,KeyDown,3,4,11,19,t,Correct,T,0,NA,NA,NA,NA,NA,NA,NA,NA,
2020-05-19,13:25:54.7378,Continuous,KeyDown,3,4,11,19,r,Correct,R,0,1667117,NA,NA,NA,NA,NA,NA,NA,NA,
2020-05-19,13:25:54.8876,Continuous,KeyDown,3,4,11,19,w,Correct,W,0,1505953,NA,NA,NA,NA,NA,NA,NA,NA,
2020-05-19,13:25:55.1045,Continuous,KeyDown,3,4,11,19,e,Correct,E,0,2165979,NA,NA,NA,NA,NA,NA,NA,NA,
2020-05-19,13:25:55.1055,Continuous,Sequence Success,3,4,11,19,NA,NA,NA,NA,0,5339049,NA,NA,NA,NA,NA,NA,NA,
2020-05-19,13:25:55.3550,Continuous,KeyDown,3,4,11,19,t,Correct,T,0,NA,NA,NA,NA,NA,NA,NA,NA,
2020-05-19,13:25:55.5080,Continuous,KeyDown,3,4,11,19,r,Correct,R,0,149915,NA,NA,NA,NA,NA,NA,NA,NA,
2020-05-19,13:25:55.6884,Continuous,KeyDown,3,4,11,19,w,Correct,W,0,1837752,NA,NA,NA,NA,NA,NA,NA,NA,
2020-05-19,13:25:55.9052,Continuous,KeyDown,3,4,11,19,e,Correct,E,0,2167747,NA,NA,NA,NA,NA,NA,NA,NA,
2020-05-19,13:25:55.9062,Continuous,Sequence Success,3,4,11,19,NA,NA,NA,NA,0,5504649,NA,NA,NA,NA,NA,NA,NA,
2020-05-19,13:25:56.1730,Continuous,KeyDown,3,4,11,19,t,Correct,T,0,NA,NA,NA,NA,NA,NA,NA,NA,
2020-05-19,13:25:56.3397,Continuous,KeyDown,3,4,11,19,r,Correct,R,0,1671471,NA,NA,NA,NA,NA,NA,NA,NA,
2020-05-19,13:25:56.5230,Continuous,KeyDown,3,4,11,19,w,Correct,W,0,1835203,NA,NA,NA,NA,NA,NA,NA,NA,
2020-05-19,13:25:56.7238,Continuous,KeyDown,3,4,11,19,e,Correct,E,0,2002273,NA,NA,NA,NA,NA,NA,NA,NA,
2020-05-19,13:25:56.7238,Continuous,Sequence Success,3,4,11,19,NA,NA,NA,NA,0,5508947,NA,NA,NA,NA,NA,NA,NA,
2020-05-19,13:25:57.0068,Continuous,KeyDown,3,4,11,19,t,Correct,T,0,NA,NA,NA,NA,NA,NA,NA,NA,
2020-05-19,13:25:57.1575,Continuous,KeyDown,3,4,11,19,r,Correct,R,0,1502315,NA,NA,NA,NA,NA,NA,NA,NA,
2020-05-19,13:25:57.3402,Continuous,KeyDown,3,4,11,19,w,Correct,W,0,1832216,NA,NA,NA,NA,NA,NA,NA,NA,
2020-05-19,13:25:57.5580,Continuous,KeyDown,3,4,11,19,e,Correct,E,0,2168561,NA,NA,NA,NA,NA,NA,NA,NA,
2020-05-19,13:25:57.5580,Continuous,Sequence Success,3,4,11,19,NA,NA,NA,NA,0,5503092,NA,NA,NA,NA,NA,NA,NA,
2020-05-19,13:25:57.8076,Continuous,KeyDown,3,4,11,19,t,Correct,T,0,NA,NA,NA,NA,NA,NA,NA,NA,
2020-05-19,13:25:57.9745,Continuous,KeyDown,3,4,11,19,r,Correct,R,0,1673438,NA,NA,NA,NA,NA,NA,NA,NA,
2020-05-19,13:25:58.1587,Continuous,KeyDown,3,4,11,19,w,Correct,W,0,1831661,NA,NA,NA,NA,NA,NA,NA,NA,
2020-05-19,13:25:58.4248,Continuous,Sequence Failed,3,4,11,19,NA,NA,NA,NA,0,6178442,NA,NA,NA,NA,NA,NA,NA,
2020-05-19,13:25:58.4248,Continuous,InputWindowOver,3,4,11,19,NA,NA,NA,NA,NA,7,1,3,8,Fish Escaped,NA,NA,
2020-05-19,13:26:20.8332,Continuous,KeyDown,3,4,11,20,e,Failed,T,0,NA,NA,NA,NA,NA,NA,NA,NA,
2020-05-19,13:26:21.1165,Continuous,KeyDown,3,4,11,20,t,Correct,T,0,NA,NA,NA,NA,NA,NA,NA,NA,
2020-05-19,13:26:21.3006,Continuous,KeyDown,3,4,11,20,r,Correct,R,0,1840024,NA,NA,NA,NA,NA,NA,NA,NA,
2020-05-19,13:26:21.4837,Continuous,KeyDown,3,4,11,20,w,Correct,W,0,1829019,NA,NA,NA,NA,NA,NA,NA,NA,
2020-05-19,13:26:21.7014,Continuous,KeyDown,3,4,11,20,e,Correct,E,0,2167397,NA,NA,NA,NA,NA,NA,NA,NA,
2020-05-19,13:26:21.7014,Continuous,Sequence Success,3,4,11,20,NA,NA,NA,NA,0,583644,NA,NA,NA,NA,NA,NA,NA,
2020-05-19,13:26:21.9850,Continuous,KeyDown,3,4,11,20,t,Correct,T,0,NA,NA,NA,NA,NA,NA,NA,NA,
2020-05-19,13:26:22.1508,Continuous,KeyDown,3,4,11,20,r,Correct,R,0,1672908,NA,NA,NA,NA,NA,NA,NA,NA,
2020-05-19,13:26:22.3688,Continuous,KeyDown,3,4,11,20,w,Correct,W,0,2160956,NA,NA,NA,NA,NA,NA,NA,NA,
2020-05-19,13:26:22.5854,Continuous,KeyDown,3,4,11,20,e,Correct,E,0,2172023,NA,NA,NA,NA,NA,NA,NA,NA,
2020-05-19,13:26:22.5854,Continuous,Sequence Success,3,4,11,20,NA,NA,NA,NA,0,6005887,NA,NA,NA,NA,NA,NA,NA,
2020-05-19,13:26:22.8854,Continuous,KeyDown,3,4,11,20,t,Correct,T,0,NA,NA,NA,NA,NA,NA,NA,NA,
2020-05-19,13:26:23.0521,Continuous,KeyDown,3,4,11,20,r,Correct,R,0,1668183,NA,NA,NA,NA,NA,NA,NA,NA,
2020-05-19,13:26:23.2518,Continuous,KeyDown,3,4,11,20,w,Correct,W,0,2002825,NA,NA,NA,NA,NA,NA,NA,NA,
2020-05-19,13:26:23.4527,Continuous,KeyDown,3,4,11,20,e,Correct,E,0,2001717,NA,NA,NA,NA,NA,NA,NA,NA,
2020-05-19,13:26:23.4527,Continuous,Sequence Success,3,4,11,20,NA,NA,NA,NA,0,5672725,NA,NA,NA,NA,NA,NA,NA,
2020-05-19,13:26:23.7362,Continuous,KeyDown,3,4,11,20,t,Correct,T,0,NA,NA,NA,NA,NA,NA,NA,NA,
2020-05-19,13:26:23.8701,Continuous,KeyDown,3,4,11,20,r,Correct,R,0,1333112,NA,NA,NA,NA,NA,NA,NA,NA,
2020-05-19,13:26:24.0877,Continuous,KeyDown,3,4,11,20,w,Correct,W,0,2169587,NA,NA,NA,NA,NA,NA,NA,NA,
2020-05-19,13:26:24.2712,Continuous,KeyDown,3,4,11,20,e,Correct,E,0,1835081,NA,NA,NA,NA,NA,NA,NA,NA,
2020-05-19,13:26:24.2712,Continuous,Sequence Success,3,4,11,20,NA,NA,NA,NA,0,5337781,NA,NA,NA,NA,NA,NA,NA,
2020-05-19,13:26:24.5707,Continuous,KeyDown,3,4,11,20,t,Correct,T,0,NA,NA,NA,NA,NA,NA,NA,NA,
2020-05-19,13:26:24.7373,Continuous,KeyDown,3,4,11,20,r,Correct,R,0,1667503,NA,NA,NA,NA,NA,NA,NA,NA,
2020-05-19,13:26:24.9714,Continuous,KeyDown,3,4,11,20,w,Correct,W,0,2336224,NA,NA,NA,NA,NA,NA,NA,NA,
2020-05-19,13:26:25.1218,Continuous,KeyDown,3,4,11,20,e,Correct,E,0,1500912,NA,NA,NA,NA,NA,NA,NA,NA,
2020-05-19,13:26:25.1218,Continuous,Sequence Success,3,4,11,20,NA,NA,NA,NA,0,550464,NA,NA,NA,NA,NA,NA,NA,
2020-05-19,13:26:25.7056,Continuous,KeyDown,3,4,11,20,t,Correct,T,0,NA,NA,NA,NA,NA,NA,NA,NA,
2020-05-19,13:26:25.8882,Continuous,KeyDown,3,4,11,20,r,Correct,R,0,183654,NA,NA,NA,NA,NA,NA,NA,NA,
2020-05-19,13:26:26.0722,Continuous,KeyDown,3,4,11,20,w,Correct,W,0,183368,NA,NA,NA,NA,NA,NA,NA,NA,
2020-05-19,13:26:26.2727,Continuous,KeyDown,3,4,11,20,e,Correct,E,0,2001877,NA,NA,NA,NA,NA,NA,NA,NA,
2020-05-19,13:26:26.2727,Continuous,Sequence Success,3,4,11,20,NA,NA,NA,NA,0,5672097,NA,NA,NA,NA,NA,NA,NA,
2020-05-19,13:26:26.5559,Continuous,KeyDown,3,4,11,20,r,Failed,T,0,NA,NA,NA,NA,NA,NA,NA,NA,
2020-05-19,13:26:26.7397,Continuous,KeyDown,3,4,11,20,t,Correct,T,0,NA,NA,NA,NA,NA,NA,NA,NA,
2020-05-19,13:26:26.8903,Continuous,KeyDown,3,4,11,20,r,Correct,R,0,1501144,NA,NA,NA,NA,NA,NA,NA,NA,
2020-05-19,13:26:27.0728,Continuous,KeyDown,3,4,11,20,w,Correct,W,0,1836049,NA,NA,NA,NA,NA,NA,NA,NA,
2020-05-19,13:26:27.2066,Continuous,Sequence Failed,3,4,11,20,NA,NA,NA,NA,0,467139,NA,NA,NA,NA,NA,NA,NA,
2020-05-19,13:26:27.2066,Continuous,InputWindowOver,3,4,12,20,NA,NA,NA,NA,NA,6,1,3,7,Got Fish,NA,NA,
2020-05-19,13:27:03.0299,Continuous,Frustration Questionnaire,NA,NA,12,20,NA,NA,NA,NA,NA,NA,NA,NA,NA,NA,5,5,
